gene	True	Test	probes	result
ABL1	loss	loss	12	TP
ASS1	loss	loss	23	TP
BAALC	gain	gain	7	TP
BCR	gain	gain	33	TP
CD34	gain	gain	14	TP
CDKN2A	loss	loss	5	TP
CDKN2B-AS1	loss	loss	7	TP
HMCN2	loss	loss	88	TP
IKZF1	loss	gain	56	FP
IKZF1	loss	loss	56	TP
KAT6A	gain	gain	28	TP
MICAL3	gain	gain	48	TP
MYC	gain	gain	5	TP
NCOR1	gain	NA	57	FN
NEK6	loss	loss	17	TP
NUP188	loss	loss	43	TP
PIGL	gain	NA	1	FN
PPM1F	gain	gain	10	TP
PTPN14	gain	gain	26	TP
RAD21	gain	gain	15	TP
RUNX1T1	gain	gain	34	TP
TG	gain	gain	49	TP
TNKS	loss	gain	32	FP
TNKS	loss	loss	32	TP
TXNRD2	gain	gain	21	TP
USP20	loss	loss	25	TP
ADGRF1	NA	loss	17	FP
AFDN	NA	gain	42	FP
AFDN	NA	loss	42	FP
AFF1	NA	gain	32	FP
AFF1	NA	loss	32	FP
AFF4	NA	gain	24	FP
AFF4	NA	loss	24	FP
BAP1	NA	gain	17	FP
BBS9	NA	loss	27	FP
BCOR	NA	loss	17	FP
BCORL1	NA	loss	20	FP
BTK	NA	loss	20	FP
CARD11	NA	loss	26	FP
CBFB	NA	gain	11	FP
CBFB	NA	loss	11	FP
CBL	NA	gain	24	FP
CREBBP	NA	gain	39	FP
CRLF2	NA	loss	12	FP
CUX1	NA	gain	39	FP
CUX1	NA	loss	39	FP
DNMT3A	NA	gain	31	FP
DNMT3A	NA	loss	31	FP
ELL	NA	gain	15	FP
ELL	NA	loss	15	FP
EZH2	NA	loss	22	FP
FAT3	NA	loss	33	FP
GLI2	NA	loss	18	FP
HBS1L	NA	loss	28	FP
JAK2	NA	loss	28	FP
JAK3	NA	loss	26	FP
KMT2A	NA	gain	49	FP
KMT2A	NA	loss	49	FP
KMT2D	NA	gain	64	FP
KMT2D	NA	loss	64	FP
MLLT1	NA	gain	15	FP
MLLT1	NA	loss	15	FP
MLLT3	NA	gain	24	FP
MSI2	NA	gain	30	FP
MYB	NA	loss	1	FP
MYH11	NA	gain	30	FP
MYH11	NA	loss	30	FP
MYH9	NA	gain	48	FP
MYH9	NA	loss	48	FP
NDE1	NA	gain	16	FP
NF1	NA	gain	74	FP
NRXN3	NA	gain	36	FP
NSD2	NA	gain	32	FP
NSD2	NA	loss	32	FP
NUP214	NA	gain	40	FP
PAX5	NA	gain	17	FP
PPM1D	NA	gain	7	FP
PTPN11	NA	gain	37	FP
PTPN11	NA	loss	37	FP
PXDN	NA	loss	25	FP
RAG1	NA	gain	6	FP
RAG1	NA	loss	6	FP
RAG2	NA	gain	6	FP
RAG2	NA	loss	6	FP
RB1	NA	gain	29	FP
SETBP1	NA	gain	14	FP
SETBP1	NA	loss	14	FP
SETD1B	NA	gain	23	FP
SETD1B	NA	loss	23	FP
SETD2	NA	gain	22	FP
SH3GLB2	NA	loss	1	FP
SMARCA4	NA	gain	46	FP
SMARCA4	NA	loss	46	FP
SMC1A	NA	gain	31	FP
SMC1A	NA	loss	31	FP
SMC3	NA	gain	29	FP
SMC3	NA	loss	29	FP
SPECC1L	NA	gain	19	FP
SPECC1L	NA	loss	19	FP
STAG2	NA	loss	40	FP
TCF3	NA	loss	25	FP
TET2	NA	gain	31	FP
TET2	NA	loss	31	FP
TNRC6B	NA	gain	53	FP
TNRC6B	NA	loss	53	FP
TSPYL2	NA	loss	1	FP
VPREB1	NA	gain	3	FP
WT1	NA	loss	15	FP
XPO1	NA	loss	31	FP
ZRSR2	NA	loss	12	FP
