gene	True	Test	probes	result
ASS1	loss	loss	18	TP
BAALC	gain	NA	6	FN
BCR	gain	gain	83	TP
CD34	gain	gain	9	TP
CDKN2A	loss	loss	12	TP
CDKN2B-AS1	loss	loss	29	TP
CHRM3	gain	NA	1	FN
EPRS1	gain	NA	1	FN
EXOSC2	loss	loss	9	TP
FAM135B	gain	gain	1	TP
HMCN2	loss	NA	80	FN
IKZF1	loss	loss	50	TP
KAT6A	gain	gain	22	TP
KDM6A	loss	loss	30	TP
MICAL3	gain	gain	42	TP
MTAP	loss	loss	9	TP
MYC	gain	gain	3	TP
NCOR1	gain	gain	51	TP
NCOR1	gain	loss	51	FP
NEK6	loss	gain	17	FP
NEK6	loss	loss	17	TP
NUP188	loss	loss	39	TP
PIGL	gain	loss	1	FP
PPM1F	gain	gain	11	TP
PTGES	loss	loss	3	TP
PTPN14	gain	gain	19	TP
PTPN14	gain	loss	19	FP
PTPRC	gain	gain	34	TP
PTPRC	gain	loss	34	FP
RAD21	gain	NA	13	FN
RUNX1T1	gain	NA	21	FN
TG	gain	gain	49	TP
TNKS	loss	loss	28	TP
TXNRD2	gain	gain	18	TP
USP20	loss	loss	23	TP
ZMAT4	loss	loss	1	TP
ABCB1	NA	loss	30	FP
ABCC6	NA	gain	32	FP
ABCC6	NA	loss	32	FP
ABL1	NA	gain	21	FP
ABL1	NA	loss	21	FP
ADGRF1	NA	loss	16	FP
AFDN	NA	loss	36	FP
AFF4	NA	loss	21	FP
AICDA	NA	loss	5	FP
AIF1L	NA	gain	8	FP
AKT1	NA	gain	13	FP
ANPEP	NA	gain	17	FP
ASXL1	NA	loss	14	FP
ATM	NA	loss	63	FP
BAP1	NA	gain	12	FP
BBS9	NA	loss	25	FP
BCAT1	NA	loss	12	FP
BCL2	NA	gain	3	FP
BCL6	NA	gain	8	FP
BLM	NA	loss	1	FP
BLNK	NA	loss	19	FP
BTG1	NA	gain	3	FP
CA10	NA	loss	1	FP
CABIN1	NA	gain	42	FP
CACNA1B	NA	gain	53	FP
CACNA1B	NA	loss	53	FP
CALR	NA	gain	6	FP
CARD11	NA	gain	27	FP
CARD11	NA	loss	27	FP
CARMIL1	NA	loss	1	FP
CASQ2	NA	gain	1	FP
CD19	NA	gain	11	FP
CD4	NA	gain	9	FP
CD4	NA	loss	9	FP
COL6A2	NA	loss	1	FP
CREBBP	NA	gain	33	FP
CREBBP	NA	loss	33	FP
CSF1	NA	gain	1	FP
CTTNBP2NL	NA	gain	1	FP
CUX1	NA	loss	26	FP
DDX20	NA	gain	2	FP
DGKG	NA	loss	1	FP
DMRTA1	NA	loss	2	FP
DNAH9	NA	gain	1	FP
DNMT3A	NA	gain	24	FP
DNMT3A	NA	loss	24	FP
DNTT	NA	loss	11	FP
EBF1	NA	gain	19	FP
EBF1	NA	loss	19	FP
EED	NA	loss	12	FP
ELL	NA	gain	13	FP
EP300	NA	gain	32	FP
ERG	NA	gain	10	FP
ETV6	NA	loss	9	FP
FAT3	NA	loss	27	FP
FIGNL1	NA	loss	2	FP
FLNB	NA	gain	47	FP
FLT3	NA	loss	21	FP
FOCAD	NA	loss	57	FP
GATA2	NA	gain	11	FP
GGT1	NA	gain	17	FP
HBS1L	NA	loss	21	FP
HIPK1	NA	gain	1	FP
HOXA10	NA	loss	4	FP
HOXA4	NA	loss	2	FP
HOXA5	NA	loss	2	FP
HOXA7	NA	loss	2	FP
HOXA9	NA	loss	2	FP
IDH2	NA	gain	10	FP
IDH2	NA	loss	10	FP
IL2RA	NA	gain	8	FP
ITGAE	NA	gain	33	FP
ITGAM	NA	gain	26	FP
ITGAX	NA	gain	24	FP
JAK1	NA	gain	25	FP
JAK2	NA	loss	25	FP
JAK3	NA	gain	21	FP
KATNAL2	NA	gain	1	FP
KDM5A	NA	gain	31	FP
KMT2A	NA	loss	39	FP
KMT2D	NA	gain	32	FP
KMT2D	NA	loss	32	FP
KRAS	NA	loss	8	FP
LTF	NA	gain	20	FP
MBNL1	NA	gain	14	FP
MBNL1	NA	loss	14	FP
MCM9	NA	loss	15	FP
MECOM	NA	loss	19	FP
MEF2D	NA	loss	11	FP
MEIS1	NA	loss	14	FP
MLLT1	NA	gain	15	FP
MLLT1	NA	loss	15	FP
MLLT10	NA	gain	27	FP
MLLT10	NA	loss	27	FP
MLLT3	NA	loss	15	FP
MLLT6	NA	gain	22	FP
MLLT6	NA	loss	22	FP
MME	NA	loss	22	FP
MPO	NA	gain	10	FP
MS4A1	NA	loss	11	FP
MSI2	NA	gain	18	FP
MSI2	NA	loss	18	FP
MYB	NA	gain	20	FP
MYB	NA	loss	20	FP
MYH11	NA	gain	27	FP
MYH9	NA	gain	44	FP
NDE1	NA	gain	13	FP
NF1	NA	loss	63	FP
NOTCH1	NA	gain	30	FP
NPDC1	NA	gain	4	FP
NPM1	NA	loss	14	FP
NRAS	NA	gain	5	FP
NRXN3	NA	gain	30	FP
NSD2	NA	gain	28	FP
NSD2	NA	loss	28	FP
NT5C2	NA	gain	21	FP
NT5C2	NA	loss	21	FP
NUP214	NA	gain	38	FP
NUP98	NA	loss	32	FP
OSBP2	NA	gain	1	FP
PAX5	NA	loss	80	FP
PDGFRB	NA	gain	22	FP
PPM1D	NA	gain	6	FP
PTEN	NA	loss	9	FP
PTPN11	NA	gain	17	FP
PTPN11	NA	loss	17	FP
PXDN	NA	gain	24	FP
RAD51	NA	gain	9	FP
RAG1	NA	loss	2	FP
RAG2	NA	loss	3	FP
RARA	NA	gain	14	FP
RASSF8	NA	loss	1	FP
RB1	NA	loss	53	FP
RUNDC3B	NA	loss	1	FP
RUNX1	NA	gain	12	FP
SELL	NA	loss	10	FP
SETBP1	NA	gain	8	FP
SETD1B	NA	gain	16	FP
SETD2	NA	gain	22	FP
SETD2	NA	loss	22	FP
SH2B3	NA	gain	7	FP
SHANK3	NA	gain	20	FP
SLC22A1	NA	gain	11	FP
SLC22A1	NA	loss	11	FP
SLC8A3	NA	gain	10	FP
SLC8A3	NA	loss	10	FP
SMARCA4	NA	gain	35	FP
SMARCA4	NA	loss	35	FP
SMARCB1	NA	gain	9	FP
SMC3	NA	loss	28	FP
SNX13	NA	loss	1	FP
SOCS2	NA	gain	2	FP
SOX5	NA	loss	1	FP
SPECC1L	NA	gain	18	FP
SPMIP7	NA	loss	1	FP
STAT5B	NA	gain	16	FP
SUZ12	NA	gain	15	FP
SUZ12	NA	loss	15	FP
TFF3	NA	gain	3	FP
TP53	NA	gain	9	FP
TRIO	NA	gain	59	FP
U2AF1	NA	gain	8	FP
U2AF1	NA	loss	8	FP
VPREB1	NA	gain	1	FP
WNT2B	NA	gain	1	FP
WT1	NA	loss	12	FP
XPO1	NA	loss	22	FP
ZCCHC7	NA	loss	11	FP
ZNF384	NA	gain	11	FP
ZRSR2	NA	loss	12	FP
