chr.x	position.x	left_cnv.x	right_cnv.x	chr.y	position.y	left_cnv.y	right_cnv.y	result
chr17	16218190	gain	neutral	chr17	16218190	gain	neutral	TP
chr8	9555893	neutral	loss	chr8	9555893	neutral	loss	TP
chr8	9782374	loss	neutral	chr8	9782374	loss	neutral	TP
chr9	21974651	neutral	loss	chr9	21974651	neutral	loss	TP
chr9	22006292	loss	neutral	chr9	22006292	loss	neutral	TP
chr1	207880940	neutral	gain	NA	NA	NA	NA	FN
chr1	207911431	gain	neutral	NA	NA	NA	NA	FN
chr1	214348662	neutral	gain	NA	NA	NA	NA	FN
chr1	214402978	gain	neutral	NA	NA	NA	NA	FN
chr17	16215335	neutral	gain	NA	NA	NA	NA	FN
chr17	16215586	gain	neutral	NA	NA	NA	NA	FN
chr17	16217835	neutral	gain	NA	NA	NA	NA	FN
chr22	17787620	neutral	gain	NA	NA	NA	NA	FN
chr22	18024569	gain	neutral	NA	NA	NA	NA	FN
chr22	19875492	neutral	gain	NA	NA	NA	NA	FN
chr22	19942023	gain	neutral	NA	NA	NA	NA	FN
chr22	21919400	neutral	gain	NA	NA	NA	NA	FN
chr22	21952884	gain	neutral	NA	NA	NA	NA	FN
chr22	23180186	neutral	gain	NA	NA	NA	NA	FN
chr22	23290241	gain	neutral	NA	NA	NA	NA	FN
chr7	50305920	neutral	loss	NA	NA	NA	NA	FN
chr7	50396031	loss	neutral	NA	NA	NA	NA	FN
chr8	41929446	neutral	gain	NA	NA	NA	NA	FN
chr8	42052008	gain	neutral	NA	NA	NA	NA	FN
chr8	91954955	neutral	gain	NA	NA	NA	NA	FN
chr8	92103317	gain	neutral	NA	NA	NA	NA	FN
chr8	103140684	neutral	gain	NA	NA	NA	NA	FN
chr8	103230326	gain	neutral	NA	NA	NA	NA	FN
chr8	116845904	neutral	gain	NA	NA	NA	NA	FN
chr8	116874894	gain	neutral	NA	NA	NA	NA	FN
chr8	127735402	neutral	gain	NA	NA	NA	NA	FN
chr8	127741461	gain	neutral	NA	NA	NA	NA	FN
chr8	132866935	neutral	gain	NA	NA	NA	NA	FN
chr8	133134938	gain	neutral	NA	NA	NA	NA	FN
chr9	21975103	loss	neutral	NA	NA	NA	NA	FN
chr9	21994791	neutral	loss	NA	NA	NA	NA	FN
chr9	124257574	neutral	loss	NA	NA	NA	NA	FN
chr9	124353334	loss	neutral	NA	NA	NA	NA	FN
chr9	128947655	neutral	loss	NA	NA	NA	NA	FN
chr9	129007107	loss	neutral	NA	NA	NA	NA	FN
chr9	129835425	neutral	loss	NA	NA	NA	NA	FN
chr9	129881846	loss	neutral	NA	NA	NA	NA	FN
chr9	130265850	neutral	loss	NA	NA	NA	NA	FN
chr9	130434147	loss	neutral	NA	NA	NA	NA	FN
chr9	130444899	neutral	loss	NA	NA	NA	NA	FN
chr9	130501289	loss	neutral	NA	NA	NA	NA	FN
chr9	130713914	neutral	loss	NA	NA	NA	NA	FN
chr9	130735551	loss	neutral	NA	NA	NA	NA	FN
NA	NA	NA	NA	chr17	7668382	neutral	gain	FP
NA	NA	NA	NA	chr17	7677469	gain	neutral	FP
NA	NA	NA	NA	chr17	16029180	neutral	gain	FP
NA	NA	NA	NA	chr7	50304649	neutral	loss	FP
NA	NA	NA	NA	chr7	50373343	loss	neutral	FP
NA	NA	NA	NA	chrX	1198538	neutral	loss	FP
NA	NA	NA	NA	chrX	1212666	loss	neutral	FP
