chr.x	position.x	left_cnv.x	right_cnv.x	chr.y	position.y	left_cnv.y	right_cnv.y	result
chr17	16218190	gain	neutral	chr17	16218190	loss	neutral	FP
chr22	17790670	neutral	gain	chr22	17790669	neutral	gain	TP
chr8	40697326	loss	neutral	chr8	40697326	loss	neutral	TP
chr8	91960180	neutral	gain	chr8	91960179	neutral	gain	TP
chr8	127736507	neutral	gain	chr8	127736506	neutral	gain	TP
chr8	138386987	gain	neutral	chr8	138386987	gain	neutral	TP
chrX	45070417	loss	neutral	chrX	45070417	loss	neutral	TP
chr1	198756234	gain	neutral	NA	NA	NA	NA	FN
chr1	239718510	neutral	gain	NA	NA	NA	NA	FN
chr17	16215310	neutral	gain	NA	NA	NA	NA	FN
chr17	16215595	gain	neutral	NA	NA	NA	NA	FN
chr17	16217800	neutral	gain	NA	NA	NA	NA	FN
chr22	18024650	gain	neutral	NA	NA	NA	NA	FN
chr22	19876982	neutral	gain	NA	NA	NA	NA	FN
chr22	19941882	gain	neutral	NA	NA	NA	NA	FN
chr22	21922765	neutral	gain	NA	NA	NA	NA	FN
chr22	21952911	gain	neutral	NA	NA	NA	NA	FN
chr22	23180741	neutral	gain	NA	NA	NA	NA	FN
chr22	23290241	gain	neutral	NA	NA	NA	NA	FN
chr7	50305920	neutral	loss	NA	NA	NA	NA	FN
chr7	50396031	loss	neutral	NA	NA	NA	NA	FN
chr8	9679838	neutral	loss	NA	NA	NA	NA	FN
chr8	9777190	loss	neutral	NA	NA	NA	NA	FN
chr8	40697105	neutral	loss	NA	NA	NA	NA	FN
chr8	41932166	neutral	gain	NA	NA	NA	NA	FN
chr8	42052041	gain	neutral	NA	NA	NA	NA	FN
chr8	92103342	gain	neutral	NA	NA	NA	NA	FN
chr8	103140649	neutral	gain	NA	NA	NA	NA	FN
chr8	103228267	gain	neutral	NA	NA	NA	NA	FN
chr8	116847409	neutral	gain	NA	NA	NA	NA	FN
chr8	116866786	gain	neutral	NA	NA	NA	NA	FN
chr8	127740993	gain	neutral	NA	NA	NA	NA	FN
chr8	132906605	neutral	gain	NA	NA	NA	NA	FN
chr8	133135007	gain	neutral	NA	NA	NA	NA	FN
chr8	138386765	neutral	gain	NA	NA	NA	NA	FN
chr9	21861911	neutral	loss	NA	NA	NA	NA	FN
chr9	21862089	loss	neutral	NA	NA	NA	NA	FN
chr9	21967866	neutral	loss	NA	NA	NA	NA	FN
chr9	21975106	loss	neutral	NA	NA	NA	NA	FN
chr9	21994731	neutral	loss	NA	NA	NA	NA	FN
chr9	22008310	loss	neutral	NA	NA	NA	NA	FN
chr9	124257879	neutral	loss	NA	NA	NA	NA	FN
chr9	124351005	loss	neutral	NA	NA	NA	NA	FN
chr9	128947620	neutral	loss	NA	NA	NA	NA	FN
chr9	129006764	loss	neutral	NA	NA	NA	NA	FN
chr9	129739535	neutral	loss	NA	NA	NA	NA	FN
chr9	129753122	loss	neutral	NA	NA	NA	NA	FN
chr9	129835400	neutral	loss	NA	NA	NA	NA	FN
chr9	129880371	loss	neutral	NA	NA	NA	NA	FN
chr9	130265795	neutral	loss	NA	NA	NA	NA	FN
chr9	130433731	loss	neutral	NA	NA	NA	NA	FN
chr9	130444869	neutral	loss	NA	NA	NA	NA	FN
chr9	130501289	loss	neutral	NA	NA	NA	NA	FN
chr9	130693674	neutral	loss	NA	NA	NA	NA	FN
chr9	130703901	loss	neutral	NA	NA	NA	NA	FN
chrX	44961209	neutral	loss	NA	NA	NA	NA	FN
NA	NA	NA	NA	chr1	198755859	neutral	gain	FP
NA	NA	NA	NA	chr1	214386833	gain	loss	FP
NA	NA	NA	NA	chr1	239718668	loss	neutral	FP
NA	NA	NA	NA	chr10	87864410	neutral	loss	FP
NA	NA	NA	NA	chr10	110604394	loss	neutral	FP
NA	NA	NA	NA	chr11	32388987	neutral	loss	FP
NA	NA	NA	NA	chr11	32428120	loss	neutral	FP
NA	NA	NA	NA	chr11	32428437	neutral	gain	FP
NA	NA	NA	NA	chr11	60456007	gain	neutral	FP
NA	NA	NA	NA	chr11	60457999	neutral	loss	FP
NA	NA	NA	NA	chr11	92352320	loss	gain	FP
NA	NA	NA	NA	chr11	92857211	gain	loss	FP
NA	NA	NA	NA	chr11	108354901	loss	neutral	FP
NA	NA	NA	NA	chr11	108365093	neutral	gain	FP
NA	NA	NA	NA	chr11	119299866	gain	neutral	FP
NA	NA	NA	NA	chr12	285378	neutral	loss	FP
NA	NA	NA	NA	chr12	49021839	loss	gain	FP
NA	NA	NA	NA	chr12	49040101	gain	loss	FP
NA	NA	NA	NA	chr12	49041366	loss	neutral	FP
NA	NA	NA	NA	chr12	49041426	neutral	gain	FP
NA	NA	NA	NA	chr12	49043531	gain	neutral	FP
NA	NA	NA	NA	chr12	49043543	neutral	gain	FP
NA	NA	NA	NA	chr12	49046856	gain	neutral	FP
NA	NA	NA	NA	chr12	49047873	neutral	loss	FP
NA	NA	NA	NA	chr12	49049201	loss	neutral	FP
NA	NA	NA	NA	chr12	49050982	neutral	loss	FP
NA	NA	NA	NA	chr12	49052493	loss	neutral	FP
NA	NA	NA	NA	chr13	28003962	neutral	loss	FP
NA	NA	NA	NA	chr13	28100659	loss	neutral	FP
NA	NA	NA	NA	chr13	48303783	neutral	loss	FP
NA	NA	NA	NA	chr13	107679832	loss	neutral	FP
NA	NA	NA	NA	chr14	70048712	neutral	gain	FP
NA	NA	NA	NA	chr14	79862040	gain	neutral	FP
NA	NA	NA	NA	chr14	104770253	neutral	loss	FP
NA	NA	NA	NA	chr14	104792673	loss	neutral	FP
NA	NA	NA	NA	chr15	40698695	neutral	loss	FP
NA	NA	NA	NA	chr15	89803346	loss	neutral	FP
NA	NA	NA	NA	chr15	89803431	neutral	gain	FP
NA	NA	NA	NA	chr15	89804319	gain	neutral	FP
NA	NA	NA	NA	chr16	16184960	neutral	loss	FP
NA	NA	NA	NA	chr16	16223521	loss	neutral	FP
NA	NA	NA	NA	chr17	3714794	neutral	loss	FP
NA	NA	NA	NA	chr17	16057689	loss	gain	FP
NA	NA	NA	NA	chr17	16126128	gain	neutral	FP
NA	NA	NA	NA	chr17	16126134	neutral	loss	FP
NA	NA	NA	NA	chr18	44951700	neutral	gain	FP
NA	NA	NA	NA	chr18	45038716	gain	neutral	FP
NA	NA	NA	NA	chr18	45063021	neutral	loss	FP
NA	NA	NA	NA	chr18	45063451	loss	neutral	FP
NA	NA	NA	NA	chr18	45063513	neutral	loss	FP
NA	NA	NA	NA	chr18	47053779	loss	neutral	FP
NA	NA	NA	NA	chr18	63128516	neutral	gain	FP
NA	NA	NA	NA	chr18	63318711	gain	neutral	FP
NA	NA	NA	NA	chr19	1611636	neutral	loss	FP
NA	NA	NA	NA	chr19	19885228	loss	neutral	FP
NA	NA	NA	NA	chr19	33301342	neutral	loss	FP
NA	NA	NA	NA	chr19	35346806	loss	neutral	FP
NA	NA	NA	NA	chr19	51224995	neutral	gain	FP
NA	NA	NA	NA	chr19	51225607	gain	loss	FP
NA	NA	NA	NA	chr19	51239724	loss	neutral	FP
NA	NA	NA	NA	chr2	1644743	neutral	gain	FP
NA	NA	NA	NA	chr2	1649724	gain	neutral	FP
NA	NA	NA	NA	chr2	1680182	neutral	loss	FP
NA	NA	NA	NA	chr2	120990741	loss	neutral	FP
NA	NA	NA	NA	chr2	197392227	neutral	loss	FP
NA	NA	NA	NA	chr2	208251529	loss	neutral	FP
NA	NA	NA	NA	chr20	32358754	neutral	gain	FP
NA	NA	NA	NA	chr20	32437327	gain	neutral	FP
NA	NA	NA	NA	chr21	34840345	neutral	gain	FP
NA	NA	NA	NA	chr21	34841074	gain	neutral	FP
NA	NA	NA	NA	chr22	23295118	gain	neutral	FP
NA	NA	NA	NA	chr3	46436070	neutral	loss	FP
NA	NA	NA	NA	chr3	47116740	loss	neutral	FP
NA	NA	NA	NA	chr3	47120195	neutral	gain	FP
NA	NA	NA	NA	chr3	52403945	gain	neutral	FP
NA	NA	NA	NA	chr5	14183741	neutral	loss	FP
NA	NA	NA	NA	chr5	14487884	loss	neutral	FP
NA	NA	NA	NA	chr5	14488181	neutral	gain	FP
NA	NA	NA	NA	chr5	14489122	gain	neutral	FP
NA	NA	NA	NA	chr5	14490718	neutral	loss	FP
NA	NA	NA	NA	chr5	35876533	loss	neutral	FP
NA	NA	NA	NA	chr5	150126460	neutral	gain	FP
NA	NA	NA	NA	chr5	150135949	gain	neutral	FP
NA	NA	NA	NA	chr5	150136925	neutral	loss	FP
NA	NA	NA	NA	chr5	171407845	loss	neutral	FP
NA	NA	NA	NA	chr6	25559556	neutral	loss	FP
NA	NA	NA	NA	chr6	47007269	loss	neutral	FP
NA	NA	NA	NA	chr6	47008863	neutral	gain	FP
NA	NA	NA	NA	chr6	47012312	gain	neutral	FP
NA	NA	NA	NA	chr6	47014588	neutral	loss	FP
NA	NA	NA	NA	chr6	47042439	loss	neutral	FP
NA	NA	NA	NA	chr7	2906514	neutral	loss	FP
NA	NA	NA	NA	chr7	50345215	loss	neutral	FP
NA	NA	NA	NA	chr7	50345274	neutral	loss	FP
NA	NA	NA	NA	chr7	50395863	loss	gain	FP
NA	NA	NA	NA	chr7	50449655	gain	neutral	FP
NA	NA	NA	NA	chr7	87504191	neutral	loss	FP
NA	NA	NA	NA	chr7	148884327	loss	neutral	FP
NA	NA	NA	NA	chr8	9555837	neutral	loss	FP
NA	NA	NA	NA	chr8	41932224	neutral	gain	FP
NA	NA	NA	NA	chr8	41944032	gain	neutral	FP
NA	NA	NA	NA	chr8	41946535	neutral	loss	FP
NA	NA	NA	NA	chr8	41955422	loss	neutral	FP
NA	NA	NA	NA	chr8	41956990	neutral	gain	FP
NA	NA	NA	NA	chr8	42049736	gain	neutral	FP
NA	NA	NA	NA	chr8	92017420	gain	neutral	FP
NA	NA	NA	NA	chr9	21973714	neutral	loss	FP
NA	NA	NA	NA	chr9	22006318	loss	neutral	FP
NA	NA	NA	NA	chr9	22008251	neutral	loss	FP
NA	NA	NA	NA	chr9	37357345	loss	neutral	FP
NA	NA	NA	NA	chr9	124261378	neutral	loss	FP
NA	NA	NA	NA	chr9	130854266	loss	neutral	FP
NA	NA	NA	NA	chr9	131195163	neutral	gain	FP
NA	NA	NA	NA	chr9	131199049	gain	neutral	FP
NA	NA	NA	NA	chr9	131201642	neutral	gain	FP
NA	NA	NA	NA	chr9	136523797	gain	loss	FP
NA	NA	NA	NA	chr9	138054082	loss	neutral	FP
NA	NA	NA	NA	chr9	138057646	neutral	gain	FP
NA	NA	NA	NA	chr9	138101273	gain	neutral	FP
NA	NA	NA	NA	chr9	138102686	neutral	loss	FP
NA	NA	NA	NA	chr9	138122102	loss	neutral	FP
NA	NA	NA	NA	chrX	1198522	neutral	loss	FP
NA	NA	NA	NA	chrX	15809390	loss	neutral	FP
NA	NA	NA	NA	chrX	44961272	neutral	loss	FP
NA	NA	NA	NA	chrX	45076693	neutral	loss	FP
NA	NA	NA	NA	chrX	53422784	loss	neutral	FP
NA	NA	NA	NA	chrX	101349816	neutral	loss	FP
NA	NA	NA	NA	chrX	130013126	loss	gain	FP
NA	NA	NA	NA	chrX	130016166	gain	loss	FP
NA	NA	NA	NA	chrX	154420991	loss	neutral	FP
