chr.x	position.x	left_cnv.x	right_cnv.x	chr.y	position.y	left_cnv.y	right_cnv.y	result
chr17	16218190	gain	neutral	chr17	16218190	loss	neutral	FP
chr22	17790670	neutral	gain	chr22	17790669	neutral	gain	TP
chr8	40697326	loss	neutral	chr8	40697326	loss	neutral	TP
chr8	41932166	neutral	gain	chr8	41932165	neutral	gain	TP
chr8	91960180	neutral	gain	chr8	91960179	neutral	gain	TP
chr8	127740993	gain	neutral	chr8	127740993	gain	neutral	TP
chr8	138386987	gain	neutral	chr8	138386987	gain	neutral	TP
chrX	45070417	loss	neutral	chrX	45070417	loss	neutral	TP
chr1	198756234	gain	neutral	NA	NA	NA	NA	FN
chr1	239718510	neutral	gain	NA	NA	NA	NA	FN
chr17	16215310	neutral	gain	NA	NA	NA	NA	FN
chr17	16215595	gain	neutral	NA	NA	NA	NA	FN
chr17	16217800	neutral	gain	NA	NA	NA	NA	FN
chr22	18024650	gain	neutral	NA	NA	NA	NA	FN
chr22	19876982	neutral	gain	NA	NA	NA	NA	FN
chr22	19941882	gain	neutral	NA	NA	NA	NA	FN
chr22	21922765	neutral	gain	NA	NA	NA	NA	FN
chr22	21952911	gain	neutral	NA	NA	NA	NA	FN
chr22	23180741	neutral	gain	NA	NA	NA	NA	FN
chr22	23290241	gain	neutral	NA	NA	NA	NA	FN
chr7	50305920	neutral	loss	NA	NA	NA	NA	FN
chr7	50396031	loss	neutral	NA	NA	NA	NA	FN
chr8	9679838	neutral	loss	NA	NA	NA	NA	FN
chr8	9777190	loss	neutral	NA	NA	NA	NA	FN
chr8	40697105	neutral	loss	NA	NA	NA	NA	FN
chr8	42052041	gain	neutral	NA	NA	NA	NA	FN
chr8	92103342	gain	neutral	NA	NA	NA	NA	FN
chr8	103140649	neutral	gain	NA	NA	NA	NA	FN
chr8	103228267	gain	neutral	NA	NA	NA	NA	FN
chr8	116847409	neutral	gain	NA	NA	NA	NA	FN
chr8	116866786	gain	neutral	NA	NA	NA	NA	FN
chr8	127736507	neutral	gain	NA	NA	NA	NA	FN
chr8	132906605	neutral	gain	NA	NA	NA	NA	FN
chr8	133135007	gain	neutral	NA	NA	NA	NA	FN
chr8	138386765	neutral	gain	NA	NA	NA	NA	FN
chr9	21861911	neutral	loss	NA	NA	NA	NA	FN
chr9	21862089	loss	neutral	NA	NA	NA	NA	FN
chr9	21967866	neutral	loss	NA	NA	NA	NA	FN
chr9	21975106	loss	neutral	NA	NA	NA	NA	FN
chr9	21994731	neutral	loss	NA	NA	NA	NA	FN
chr9	22008310	loss	neutral	NA	NA	NA	NA	FN
chr9	124257879	neutral	loss	NA	NA	NA	NA	FN
chr9	124351005	loss	neutral	NA	NA	NA	NA	FN
chr9	128947620	neutral	loss	NA	NA	NA	NA	FN
chr9	129006764	loss	neutral	NA	NA	NA	NA	FN
chr9	129739535	neutral	loss	NA	NA	NA	NA	FN
chr9	129753122	loss	neutral	NA	NA	NA	NA	FN
chr9	129835400	neutral	loss	NA	NA	NA	NA	FN
chr9	129880371	loss	neutral	NA	NA	NA	NA	FN
chr9	130265795	neutral	loss	NA	NA	NA	NA	FN
chr9	130433731	loss	neutral	NA	NA	NA	NA	FN
chr9	130444869	neutral	loss	NA	NA	NA	NA	FN
chr9	130501289	loss	neutral	NA	NA	NA	NA	FN
chr9	130693674	neutral	loss	NA	NA	NA	NA	FN
chr9	130703901	loss	neutral	NA	NA	NA	NA	FN
chrX	44961209	neutral	loss	NA	NA	NA	NA	FN
NA	NA	NA	NA	chr1	36466071	neutral	loss	FP
NA	NA	NA	NA	chr1	64886348	loss	neutral	FP
NA	NA	NA	NA	chr1	109923614	neutral	loss	FP
NA	NA	NA	NA	chr1	242643602	loss	neutral	FP
NA	NA	NA	NA	chr10	87864410	neutral	loss	FP
NA	NA	NA	NA	chr10	130900257	loss	neutral	FP
NA	NA	NA	NA	chr11	36573648	neutral	gain	FP
NA	NA	NA	NA	chr11	36595249	gain	neutral	FP
NA	NA	NA	NA	chr11	36598043	neutral	loss	FP
NA	NA	NA	NA	chr11	60468524	loss	neutral	FP
NA	NA	NA	NA	chr11	86245177	neutral	gain	FP
NA	NA	NA	NA	chr11	92844800	gain	neutral	FP
NA	NA	NA	NA	chr11	92857144	neutral	loss	FP
NA	NA	NA	NA	chr11	108354901	loss	neutral	FP
NA	NA	NA	NA	chr11	108365036	neutral	gain	FP
NA	NA	NA	NA	chr11	134797751	gain	neutral	FP
NA	NA	NA	NA	chr12	285378	neutral	loss	FP
NA	NA	NA	NA	chr12	49021935	loss	gain	FP
NA	NA	NA	NA	chr12	49040044	gain	loss	FP
NA	NA	NA	NA	chr12	49041299	loss	neutral	FP
NA	NA	NA	NA	chr12	49043394	neutral	gain	FP
NA	NA	NA	NA	chr12	49046856	gain	neutral	FP
NA	NA	NA	NA	chr12	49047873	neutral	loss	FP
NA	NA	NA	NA	chr12	49052823	loss	gain	FP
NA	NA	NA	NA	chr12	49059864	gain	neutral	FP
NA	NA	NA	NA	chr13	48282759	neutral	loss	FP
NA	NA	NA	NA	chr13	107679832	loss	neutral	FP
NA	NA	NA	NA	chr14	78170284	neutral	gain	FP
NA	NA	NA	NA	chr14	104792654	gain	neutral	FP
NA	NA	NA	NA	chr15	40698695	neutral	loss	FP
NA	NA	NA	NA	chr15	90764237	loss	neutral	FP
NA	NA	NA	NA	chr16	16177391	neutral	loss	FP
NA	NA	NA	NA	chr16	16223521	loss	neutral	FP
NA	NA	NA	NA	chr17	3714794	neutral	loss	FP
NA	NA	NA	NA	chr17	16048965	loss	gain	FP
NA	NA	NA	NA	chr17	16121307	gain	neutral	FP
NA	NA	NA	NA	chr17	16126134	neutral	loss	FP
NA	NA	NA	NA	chr18	44951714	neutral	gain	FP
NA	NA	NA	NA	chr18	44953029	gain	neutral	FP
NA	NA	NA	NA	chr19	1611636	neutral	loss	FP
NA	NA	NA	NA	chr19	19885228	loss	neutral	FP
NA	NA	NA	NA	chr19	33301356	neutral	loss	FP
NA	NA	NA	NA	chr19	51239724	loss	neutral	FP
NA	NA	NA	NA	chr2	114875	neutral	gain	FP
NA	NA	NA	NA	chr2	1680196	gain	loss	FP
NA	NA	NA	NA	chr2	120990741	loss	neutral	FP
NA	NA	NA	NA	chr20	32359514	neutral	gain	FP
NA	NA	NA	NA	chr20	40858577	gain	neutral	FP
NA	NA	NA	NA	chr21	28307262	neutral	loss	FP
NA	NA	NA	NA	chr21	34840331	loss	gain	FP
NA	NA	NA	NA	chr21	34841032	gain	loss	FP
NA	NA	NA	NA	chr21	36004717	loss	neutral	FP
NA	NA	NA	NA	chr22	24628903	gain	neutral	FP
NA	NA	NA	NA	chr3	919997	neutral	loss	FP
NA	NA	NA	NA	chr3	47046588	loss	gain	FP
NA	NA	NA	NA	chr3	47086191	gain	loss	FP
NA	NA	NA	NA	chr3	47116721	loss	neutral	FP
NA	NA	NA	NA	chr3	47120204	neutral	gain	FP
NA	NA	NA	NA	chr3	52403945	gain	neutral	FP
NA	NA	NA	NA	chr4	143439661	neutral	gain	FP
NA	NA	NA	NA	chr4	143440442	gain	neutral	FP
NA	NA	NA	NA	chr4	143457688	neutral	gain	FP
NA	NA	NA	NA	chr4	186726591	gain	neutral	FP
NA	NA	NA	NA	chr5	2879236	neutral	loss	FP
NA	NA	NA	NA	chr5	14487888	loss	neutral	FP
NA	NA	NA	NA	chr5	14488026	neutral	gain	FP
NA	NA	NA	NA	chr5	14489122	gain	neutral	FP
NA	NA	NA	NA	chr5	14490718	neutral	loss	FP
NA	NA	NA	NA	chr5	35876533	loss	neutral	FP
NA	NA	NA	NA	chr5	132880950	neutral	gain	FP
NA	NA	NA	NA	chr5	150135949	gain	neutral	FP
NA	NA	NA	NA	chr5	150136925	neutral	loss	FP
NA	NA	NA	NA	chr5	175351740	loss	neutral	FP
NA	NA	NA	NA	chr6	25559556	neutral	loss	FP
NA	NA	NA	NA	chr6	47042439	loss	neutral	FP
NA	NA	NA	NA	chr6	118814725	neutral	gain	FP
NA	NA	NA	NA	chr6	167969964	gain	neutral	FP
NA	NA	NA	NA	chr7	2906514	neutral	loss	FP
NA	NA	NA	NA	chr7	50345245	loss	neutral	FP
NA	NA	NA	NA	chr7	50345314	neutral	loss	FP
NA	NA	NA	NA	chr7	50394198	loss	neutral	FP
NA	NA	NA	NA	chr7	50395748	neutral	gain	FP
NA	NA	NA	NA	chr7	50449655	gain	neutral	FP
NA	NA	NA	NA	chr7	87504191	neutral	loss	FP
NA	NA	NA	NA	chr7	148884327	loss	neutral	FP
NA	NA	NA	NA	chr8	9555837	neutral	loss	FP
NA	NA	NA	NA	chr8	41944032	gain	neutral	FP
NA	NA	NA	NA	chr8	41946535	neutral	loss	FP
NA	NA	NA	NA	chr8	41955422	loss	neutral	FP
NA	NA	NA	NA	chr8	41956990	neutral	gain	FP
NA	NA	NA	NA	chr8	42049736	gain	neutral	FP
NA	NA	NA	NA	chr8	127736649	gain	neutral	FP
NA	NA	NA	NA	chr8	127738191	neutral	gain	FP
NA	NA	NA	NA	chr8	132866874	neutral	gain	FP
NA	NA	NA	NA	chr9	4984339	neutral	loss	FP
NA	NA	NA	NA	chr9	20658873	loss	neutral	FP
NA	NA	NA	NA	chr9	20683922	neutral	gain	FP
NA	NA	NA	NA	chr9	21854641	gain	loss	FP
NA	NA	NA	NA	chr9	22006318	loss	neutral	FP
NA	NA	NA	NA	chr9	22008251	neutral	loss	FP
NA	NA	NA	NA	chr9	37357345	loss	neutral	FP
NA	NA	NA	NA	chr9	124119063	neutral	loss	FP
NA	NA	NA	NA	chr9	130452398	loss	neutral	FP
NA	NA	NA	NA	chr9	130454243	neutral	loss	FP
NA	NA	NA	NA	chr9	130727882	loss	neutral	FP
NA	NA	NA	NA	chr9	130742468	neutral	loss	FP
NA	NA	NA	NA	chr9	130844132	loss	neutral	FP
NA	NA	NA	NA	chr9	131195163	neutral	gain	FP
NA	NA	NA	NA	chr9	131199049	gain	neutral	FP
NA	NA	NA	NA	chr9	131201642	neutral	gain	FP
NA	NA	NA	NA	chr9	136524051	gain	neutral	FP
NA	NA	NA	NA	chr9	136543960	neutral	loss	FP
NA	NA	NA	NA	chr9	138054082	loss	neutral	FP
NA	NA	NA	NA	chr9	138057646	neutral	gain	FP
NA	NA	NA	NA	chr9	138102786	gain	loss	FP
NA	NA	NA	NA	chr9	138122102	loss	neutral	FP
NA	NA	NA	NA	chrX	1198522	neutral	loss	FP
NA	NA	NA	NA	chrX	15809309	loss	neutral	FP
NA	NA	NA	NA	chrX	40076467	neutral	loss	FP
NA	NA	NA	NA	chrX	44874026	loss	neutral	FP
NA	NA	NA	NA	chrX	44961272	neutral	loss	FP
NA	NA	NA	NA	chrX	45076693	neutral	loss	FP
NA	NA	NA	NA	chrX	53394946	loss	neutral	FP
NA	NA	NA	NA	chrX	101349816	neutral	loss	FP
NA	NA	NA	NA	chrX	130013165	loss	gain	FP
NA	NA	NA	NA	chrX	130016286	gain	neutral	FP
NA	NA	NA	NA	chrX	130020929	neutral	loss	FP
NA	NA	NA	NA	chrX	154420991	loss	neutral	FP
