gene	True	Test	probes	result
ABL1	loss	gain	12	FP
ABL1	loss	loss	12	TP
ASS1	loss	loss	23	TP
BAALC	gain	gain	7	TP
BCR	gain	gain	33	TP
BCR	gain	loss	33	FP
CD34	gain	gain	14	TP
CD34	gain	loss	14	FP
CDKN2A	loss	gain	5	FP
CDKN2A	loss	loss	5	TP
CDKN2B-AS1	loss	gain	7	FP
CDKN2B-AS1	loss	loss	7	TP
HMCN2	loss	loss	88	TP
IKZF1	loss	gain	56	FP
IKZF1	loss	loss	56	TP
KAT6A	gain	gain	28	TP
KAT6A	gain	loss	28	FP
MICAL3	gain	gain	48	TP
MICAL3	gain	loss	48	FP
MYC	gain	gain	5	TP
NCOR1	gain	gain	57	TP
NCOR1	gain	loss	57	FP
NEK6	loss	loss	17	TP
NUP188	loss	loss	43	TP
PIGL	gain	gain	1	TP
PPM1F	gain	loss	10	FP
PTPN14	gain	gain	26	TP
PTPN14	gain	loss	26	FP
RAD21	gain	gain	15	TP
RUNX1T1	gain	gain	34	TP
TG	gain	gain	49	TP
TNKS	loss	gain	32	FP
TNKS	loss	loss	32	TP
TXNRD2	gain	loss	21	FP
USP20	loss	loss	25	TP
ADGRF1	NA	gain	17	FP
ADGRF1	NA	loss	17	FP
AFDN	NA	gain	42	FP
AFDN	NA	loss	42	FP
AFF1	NA	gain	32	FP
AFF1	NA	loss	32	FP
AFF4	NA	gain	24	FP
AFF4	NA	loss	24	FP
AIF1L	NA	loss	9	FP
ASXL1	NA	gain	17	FP
ASXL1	NA	loss	17	FP
BAP1	NA	gain	17	FP
BAP1	NA	loss	17	FP
BBS9	NA	gain	27	FP
BBS9	NA	loss	27	FP
BCAT1	NA	gain	19	FP
BCAT1	NA	loss	19	FP
BCOR	NA	gain	17	FP
BCORL1	NA	gain	20	FP
BCORL1	NA	loss	20	FP
BLNK	NA	gain	19	FP
BTG1	NA	gain	5	FP
BTG1	NA	loss	5	FP
BTK	NA	gain	20	FP
CACNA1B	NA	gain	57	FP
CACNA1B	NA	loss	57	FP
CARD11	NA	gain	26	FP
CARD11	NA	loss	26	FP
CBFB	NA	gain	11	FP
CBFB	NA	loss	11	FP
CBL	NA	gain	24	FP
CBL	NA	loss	24	FP
CEBPA	NA	loss	3	FP
CHRNA10	NA	gain	1	FP
CNNM2	NA	gain	2	FP
CREBBP	NA	gain	39	FP
CREBBP	NA	loss	39	FP
CRLF2	NA	gain	12	FP
CRLF2	NA	loss	12	FP
CUX1	NA	gain	39	FP
CUX1	NA	loss	39	FP
DNMT3A	NA	gain	31	FP
DNMT3A	NA	loss	31	FP
DNTT	NA	gain	11	FP
EBF1	NA	gain	24	FP
EBF1	NA	loss	24	FP
EED	NA	gain	11	FP
EED	NA	loss	11	FP
ELL	NA	gain	15	FP
ELL	NA	loss	15	FP
EP300	NA	gain	34	FP
EP300	NA	loss	34	FP
ETFRF1	NA	gain	1	FP
ETV6	NA	gain	19	FP
EZH2	NA	gain	22	FP
EZH2	NA	loss	22	FP
FAT1	NA	gain	31	FP
FAT1	NA	loss	31	FP
FAT3	NA	gain	33	FP
FAT3	NA	loss	33	FP
FLNB	NA	gain	49	FP
FLNB	NA	loss	49	FP
FLT3	NA	gain	24	FP
GATA2	NA	gain	12	FP
GATA2	NA	loss	12	FP
GLI2	NA	gain	18	FP
GLI2	NA	loss	18	FP
HBS1L	NA	gain	28	FP
HBS1L	NA	loss	28	FP
IDH1	NA	gain	12	FP
IDH1	NA	loss	12	FP
IDH2	NA	gain	13	FP
IDH2	NA	loss	13	FP
JAK1	NA	gain	24	FP
JAK1	NA	loss	24	FP
JAK2	NA	gain	28	FP
JAK2	NA	loss	28	FP
JAK3	NA	gain	26	FP
JAK3	NA	loss	26	FP
KANTR	NA	gain	20	FP
KMT2A	NA	gain	49	FP
KMT2A	NA	loss	49	FP
KMT2D	NA	gain	64	FP
KMT2D	NA	loss	64	FP
KRAS	NA	gain	16	FP
LEF1	NA	gain	17	FP
LEF1	NA	loss	17	FP
MBNL1	NA	gain	21	FP
MBNL1	NA	loss	21	FP
MCM9	NA	gain	20	FP
MCM9	NA	loss	20	FP
MECOM	NA	gain	35	FP
MECOM	NA	loss	35	FP
MEF2D	NA	loss	19	FP
MLLT1	NA	gain	15	FP
MLLT1	NA	loss	15	FP
MLLT10	NA	gain	28	FP
MLLT10	NA	loss	28	FP
MLLT3	NA	gain	24	FP
MLLT6	NA	gain	24	FP
MLLT6	NA	loss	24	FP
MSI2	NA	gain	30	FP
MSI2	NA	loss	30	FP
MYB	NA	loss	1	FP
MYH11	NA	gain	30	FP
MYH11	NA	loss	30	FP
MYH9	NA	gain	48	FP
NDE1	NA	gain	16	FP
NDE1	NA	loss	16	FP
NF1	NA	gain	74	FP
NF1	NA	loss	74	FP
NOTCH1	NA	gain	37	FP
NOTCH1	NA	loss	37	FP
NPDC1	NA	gain	9	FP
NPDC1	NA	loss	9	FP
NRAS	NA	gain	11	FP
NRAS	NA	loss	11	FP
NRXN3	NA	gain	36	FP
NSD2	NA	gain	32	FP
NSD2	NA	loss	32	FP
NT5C2	NA	gain	25	FP
NT5C2	NA	loss	25	FP
NUP214	NA	loss	40	FP
NUP98	NA	gain	34	FP
NUP98	NA	loss	34	FP
PAX5	NA	gain	17	FP
PAX5	NA	loss	17	FP
PHF6	NA	gain	15	FP
POU4F1	NA	gain	8	FP
POU4F1	NA	loss	8	FP
PPM1D	NA	gain	7	FP
PTPN11	NA	gain	37	FP
PTPN11	NA	loss	37	FP
PXDN	NA	gain	25	FP
PXDN	NA	loss	25	FP
RAD51	NA	gain	11	FP
RAD51	NA	loss	11	FP
RAG1	NA	gain	6	FP
RAG2	NA	gain	6	FP
RAG2	NA	loss	6	FP
RARA	NA	gain	16	FP
RARA	NA	loss	16	FP
RAVER2	NA	gain	1	FP
RB1	NA	gain	29	FP
RUNX1	NA	gain	23	FP
RUNX1	NA	loss	23	FP
SETBP1	NA	gain	14	FP
SETD1B	NA	gain	23	FP
SETD1B	NA	loss	23	FP
SETD2	NA	gain	22	FP
SETD2	NA	loss	22	FP
SF3B1	NA	gain	28	FP
SF3B1	NA	loss	28	FP
SH2B3	NA	gain	12	FP
SH2B3	NA	loss	12	FP
SH3GLB2	NA	loss	1	FP
SHANK3	NA	gain	29	FP
SHANK3	NA	loss	29	FP
SMAD1	NA	gain	11	FP
SMAD1	NA	loss	11	FP
SMARCA4	NA	gain	46	FP
SMARCA4	NA	loss	46	FP
SMC1A	NA	gain	31	FP
SMC3	NA	gain	29	FP
SMC3	NA	loss	29	FP
SOCS2	NA	gain	6	FP
SOCS2	NA	loss	6	FP
SPECC1L	NA	gain	19	FP
SPECC1L	NA	loss	19	FP
SRSF2	NA	gain	3	FP
SRSF2	NA	loss	3	FP
STAG2	NA	gain	40	FP
TCF3	NA	gain	25	FP
TCF3	NA	loss	25	FP
TET2	NA	gain	31	FP
TET2	NA	loss	31	FP
TNRC6B	NA	gain	53	FP
TNRC6B	NA	loss	53	FP
TP53	NA	gain	14	FP
TSPYL2	NA	gain	1	FP
TTC19	NA	gain	1	FP
U2AF1	NA	loss	10	FP
UBE2A	NA	gain	6	FP
VPREB1	NA	loss	3	FP
WT1	NA	gain	15	FP
WT1	NA	loss	15	FP
XPO1	NA	gain	31	FP
XPO1	NA	loss	31	FP
ZNF384	NA	gain	15	FP
ZNF384	NA	loss	15	FP
ZRSR2	NA	gain	12	FP
ZRSR2	NA	loss	12	FP
