chr.x	position.x	left_cnv.x	right_cnv.x	chr.y	position.y	left_cnv.y	right_cnv.y	result
chr8	9777190	loss	neutral	chr8	9777190	loss	neutral	TP
chr8	41932166	neutral	gain	chr8	41932166	neutral	gain	TP
chr8	42052041	gain	neutral	chr8	42052041	gain	neutral	TP
chr9	129006764	loss	neutral	chr9	129006764	loss	neutral	TP
chr9	130703901	loss	neutral	chr9	130703901	loss	neutral	TP
chrX	44961209	neutral	loss	chrX	44961209	neutral	loss	TP
chrX	45070417	loss	neutral	chrX	45070417	loss	neutral	TP
chr1	198756234	gain	neutral	NA	NA	NA	NA	FN
chr1	239718510	neutral	gain	NA	NA	NA	NA	FN
chr17	16215310	neutral	gain	NA	NA	NA	NA	FN
chr17	16215595	gain	neutral	NA	NA	NA	NA	FN
chr17	16217800	neutral	gain	NA	NA	NA	NA	FN
chr17	16218190	gain	neutral	NA	NA	NA	NA	FN
chr22	17790670	neutral	gain	NA	NA	NA	NA	FN
chr22	18024650	gain	neutral	NA	NA	NA	NA	FN
chr22	19876982	neutral	gain	NA	NA	NA	NA	FN
chr22	19941882	gain	neutral	NA	NA	NA	NA	FN
chr22	21922765	neutral	gain	NA	NA	NA	NA	FN
chr22	21952911	gain	neutral	NA	NA	NA	NA	FN
chr22	23180741	neutral	gain	NA	NA	NA	NA	FN
chr22	23290241	gain	neutral	NA	NA	NA	NA	FN
chr7	50305920	neutral	loss	NA	NA	NA	NA	FN
chr7	50396031	loss	neutral	NA	NA	NA	NA	FN
chr8	9679838	neutral	loss	NA	NA	NA	NA	FN
chr8	40697105	neutral	loss	NA	NA	NA	NA	FN
chr8	40697326	loss	neutral	NA	NA	NA	NA	FN
chr8	91960180	neutral	gain	NA	NA	NA	NA	FN
chr8	92103342	gain	neutral	NA	NA	NA	NA	FN
chr8	103140649	neutral	gain	NA	NA	NA	NA	FN
chr8	103228267	gain	neutral	NA	NA	NA	NA	FN
chr8	116847409	neutral	gain	NA	NA	NA	NA	FN
chr8	116866786	gain	neutral	NA	NA	NA	NA	FN
chr8	127736507	neutral	gain	NA	NA	NA	NA	FN
chr8	127740993	gain	neutral	NA	NA	NA	NA	FN
chr8	132906605	neutral	gain	NA	NA	NA	NA	FN
chr8	133135007	gain	neutral	NA	NA	NA	NA	FN
chr8	138386765	neutral	gain	NA	NA	NA	NA	FN
chr8	138386987	gain	neutral	NA	NA	NA	NA	FN
chr9	21861911	neutral	loss	NA	NA	NA	NA	FN
chr9	21862089	loss	neutral	NA	NA	NA	NA	FN
chr9	21967866	neutral	loss	NA	NA	NA	NA	FN
chr9	21975106	loss	neutral	NA	NA	NA	NA	FN
chr9	21994731	neutral	loss	NA	NA	NA	NA	FN
chr9	22008310	loss	neutral	NA	NA	NA	NA	FN
chr9	124257879	neutral	loss	NA	NA	NA	NA	FN
chr9	124351005	loss	neutral	NA	NA	NA	NA	FN
chr9	128947620	neutral	loss	NA	NA	NA	NA	FN
chr9	129739535	neutral	loss	NA	NA	NA	NA	FN
chr9	129753122	loss	neutral	NA	NA	NA	NA	FN
chr9	129835400	neutral	loss	NA	NA	NA	NA	FN
chr9	129880371	loss	neutral	NA	NA	NA	NA	FN
chr9	130265795	neutral	loss	NA	NA	NA	NA	FN
chr9	130433731	loss	neutral	NA	NA	NA	NA	FN
chr9	130444869	neutral	loss	NA	NA	NA	NA	FN
chr9	130501289	loss	neutral	NA	NA	NA	NA	FN
chr9	130693674	neutral	loss	NA	NA	NA	NA	FN
NA	NA	NA	NA	chr13	48443980	neutral	gain	FP
NA	NA	NA	NA	chr13	48500947	gain	neutral	FP
NA	NA	NA	NA	chr22	23315206	neutral	gain	FP
NA	NA	NA	NA	chr22	23317699	gain	neutral	FP
NA	NA	NA	NA	chr22	24623051	neutral	gain	FP
NA	NA	NA	NA	chr22	24627606	gain	loss	FP
NA	NA	NA	NA	chr22	24628903	loss	neutral	FP
NA	NA	NA	NA	chr7	50345039	neutral	loss	FP
NA	NA	NA	NA	chr7	50359955	loss	neutral	FP
NA	NA	NA	NA	chr7	50364444	neutral	loss	FP
NA	NA	NA	NA	chr7	50375148	loss	neutral	FP
NA	NA	NA	NA	chr8	9555838	neutral	loss	FP
NA	NA	NA	NA	chr9	21802481	neutral	gain	FP
NA	NA	NA	NA	chr9	22120786	gain	neutral	FP
NA	NA	NA	NA	chr9	124291869	neutral	loss	FP
NA	NA	NA	NA	chr9	129849760	neutral	loss	FP
