gene	True	Test	probes	result
ASS1	loss	loss	18	TP
BAALC	gain	gain	6	TP
BAALC	gain	loss	6	FP
BCR	gain	gain	83	TP
BCR	gain	loss	83	FP
CD34	gain	gain	9	TP
CD34	gain	loss	9	FP
CDKN2A	loss	gain	12	FP
CDKN2A	loss	loss	12	TP
CDKN2B-AS1	loss	gain	29	FP
CDKN2B-AS1	loss	loss	29	TP
CHRM3	gain	loss	1	FP
EPRS1	gain	loss	1	FP
EXOSC2	loss	loss	9	TP
FAM135B	gain	gain	1	TP
HMCN2	loss	gain	80	FP
HMCN2	loss	loss	80	TP
IKZF1	loss	gain	50	FP
IKZF1	loss	loss	50	TP
KAT6A	gain	gain	22	TP
KAT6A	gain	loss	22	FP
KDM6A	loss	gain	30	FP
KDM6A	loss	loss	30	TP
MICAL3	gain	gain	42	TP
MTAP	loss	gain	9	FP
MTAP	loss	loss	9	TP
MYC	gain	gain	3	TP
NCOR1	gain	gain	51	TP
NCOR1	gain	loss	51	FP
NEK6	loss	gain	17	FP
NEK6	loss	loss	17	TP
NUP188	loss	loss	39	TP
PIGL	gain	gain	1	TP
PPM1F	gain	gain	11	TP
PTGES	loss	loss	3	TP
PTPN14	gain	gain	19	TP
PTPN14	gain	loss	19	FP
PTPRC	gain	gain	34	TP
PTPRC	gain	loss	34	FP
RAD21	gain	gain	13	TP
RAD21	gain	loss	13	FP
RUNX1T1	gain	gain	21	TP
RUNX1T1	gain	loss	21	FP
TG	gain	gain	49	TP
TG	gain	loss	49	FP
TNKS	loss	loss	28	TP
TXNRD2	gain	gain	18	TP
TXNRD2	gain	loss	18	FP
USP20	loss	loss	23	TP
ZMAT4	loss	loss	1	TP
ABCB1	NA	loss	30	FP
ABCC6	NA	gain	32	FP
ABCC6	NA	loss	32	FP
ABCG2	NA	gain	16	FP
ABCG2	NA	loss	16	FP
ABL1	NA	loss	21	FP
ADGRF1	NA	loss	16	FP
AFDN	NA	gain	36	FP
AFDN	NA	loss	36	FP
AFF1	NA	gain	21	FP
AFF1	NA	loss	21	FP
AFF4	NA	gain	21	FP
AFF4	NA	loss	21	FP
AICDA	NA	gain	5	FP
AICDA	NA	loss	5	FP
AIF1L	NA	loss	8	FP
AKT1	NA	gain	13	FP
AKT1	NA	loss	13	FP
ANKRD35	NA	loss	1	FP
ANPEP	NA	gain	17	FP
ASXL1	NA	gain	14	FP
ASXL1	NA	loss	14	FP
ATM	NA	loss	63	FP
BAP1	NA	gain	12	FP
BBS9	NA	gain	25	FP
BBS9	NA	loss	25	FP
BCAT1	NA	gain	12	FP
BCAT1	NA	loss	12	FP
BCL2	NA	gain	3	FP
BCL6	NA	gain	8	FP
BCL6	NA	loss	8	FP
BCOR	NA	gain	16	FP
BCORL1	NA	gain	15	FP
BLM	NA	loss	1	FP
BLNK	NA	gain	19	FP
BLNK	NA	loss	19	FP
BTG1	NA	gain	3	FP
BTG1	NA	loss	3	FP
BTK	NA	gain	20	FP
BTK	NA	loss	20	FP
CA10	NA	loss	1	FP
CABIN1	NA	gain	42	FP
CABIN1	NA	loss	42	FP
CACNA1B	NA	gain	53	FP
CACNA1B	NA	loss	53	FP
CALR	NA	gain	6	FP
CARD11	NA	gain	27	FP
CARD11	NA	loss	27	FP
CARMIL1	NA	loss	1	FP
CASQ2	NA	loss	1	FP
CBFB	NA	gain	7	FP
CBFB	NA	loss	7	FP
CBL	NA	gain	17	FP
CBL	NA	loss	17	FP
CD19	NA	gain	11	FP
CD19	NA	loss	11	FP
CD22	NA	gain	12	FP
CD22	NA	loss	12	FP
CD33	NA	gain	6	FP
CD33	NA	loss	6	FP
CD38	NA	gain	8	FP
CD38	NA	loss	8	FP
CD4	NA	gain	9	FP
CD4	NA	loss	9	FP
CEBPA	NA	gain	2	FP
COL6A2	NA	gain	1	FP
CREBBP	NA	gain	33	FP
CREBBP	NA	loss	33	FP
CRLF2	NA	gain	5	FP
CSF1	NA	loss	1	FP
CSF3R	NA	gain	14	FP
CSF3R	NA	loss	14	FP
CTTNBP2NL	NA	loss	1	FP
CUX1	NA	gain	26	FP
CUX1	NA	loss	26	FP
DDX20	NA	gain	2	FP
DDX20	NA	loss	2	FP
DGKG	NA	loss	1	FP
DMRTA1	NA	gain	2	FP
DMRTA1	NA	loss	2	FP
DNAH9	NA	loss	1	FP
DNMT3A	NA	gain	24	FP
DNMT3A	NA	loss	24	FP
DNTT	NA	gain	11	FP
DNTT	NA	loss	11	FP
EBF1	NA	gain	19	FP
EBF1	NA	loss	19	FP
EED	NA	gain	12	FP
EED	NA	loss	12	FP
ELL	NA	gain	13	FP
ELL	NA	loss	13	FP
EP300	NA	gain	32	FP
EP300	NA	loss	32	FP
ERG	NA	gain	10	FP
ERG	NA	loss	10	FP
ETV6	NA	gain	9	FP
ETV6	NA	loss	9	FP
EZH2	NA	gain	23	FP
EZH2	NA	loss	23	FP
FAT1	NA	loss	30	FP
FAT3	NA	gain	27	FP
FAT3	NA	loss	27	FP
FBXW7	NA	loss	15	FP
FIGNL1	NA	loss	2	FP
FLNB	NA	gain	47	FP
FLNB	NA	loss	47	FP
FLT3	NA	gain	21	FP
FLT3	NA	loss	21	FP
FOCAD	NA	gain	57	FP
FOCAD	NA	loss	57	FP
GAB1	NA	gain	17	FP
GAB1	NA	loss	17	FP
GATA2	NA	gain	11	FP
GGT1	NA	gain	17	FP
GLI2	NA	gain	16	FP
GLI2	NA	loss	16	FP
HBS1L	NA	gain	21	FP
HBS1L	NA	loss	21	FP
HIPK1	NA	gain	1	FP
HOXA10	NA	gain	4	FP
HOXA10	NA	loss	4	FP
HOXA4	NA	loss	2	FP
HOXA5	NA	gain	2	FP
HOXA5	NA	loss	2	FP
HOXA7	NA	gain	2	FP
HOXA9	NA	gain	2	FP
HOXA9	NA	loss	2	FP
IDH1	NA	gain	8	FP
IDH1	NA	loss	8	FP
IDH2	NA	gain	10	FP
IL2RA	NA	gain	8	FP
IL2RA	NA	loss	8	FP
IL7R	NA	loss	9	FP
ITGAE	NA	gain	33	FP
ITGAE	NA	loss	33	FP
ITGAM	NA	gain	26	FP
ITGAM	NA	loss	26	FP
ITGAX	NA	gain	24	FP
ITGAX	NA	loss	24	FP
JAK1	NA	gain	25	FP
JAK1	NA	loss	25	FP
JAK2	NA	gain	25	FP
JAK2	NA	loss	25	FP
JAK3	NA	gain	21	FP
KATNAL2	NA	loss	1	FP
KDM5A	NA	gain	31	FP
KDM5A	NA	loss	31	FP
KIT	NA	gain	19	FP
KIT	NA	loss	19	FP
KMT2A	NA	gain	39	FP
KMT2A	NA	loss	39	FP
KMT2D	NA	gain	32	FP
KMT2D	NA	loss	32	FP
KRAS	NA	gain	8	FP
KRAS	NA	loss	8	FP
LEF1	NA	gain	13	FP
LEF1	NA	loss	13	FP
LTF	NA	gain	20	FP
LTF	NA	loss	20	FP
MAB21L3	NA	loss	1	FP
MBNL1	NA	gain	14	FP
MBNL1	NA	loss	14	FP
MCL1	NA	gain	3	FP
MCL1	NA	loss	3	FP
MCM9	NA	gain	15	FP
MCM9	NA	loss	15	FP
MECOM	NA	gain	19	FP
MECOM	NA	loss	19	FP
MEF2D	NA	gain	11	FP
MEF2D	NA	loss	11	FP
MEIS1	NA	gain	14	FP
MEIS1	NA	loss	14	FP
MLLT1	NA	gain	15	FP
MLLT1	NA	loss	15	FP
MLLT10	NA	gain	27	FP
MLLT10	NA	loss	27	FP
MLLT3	NA	gain	15	FP
MLLT3	NA	loss	15	FP
MLLT6	NA	gain	22	FP
MLLT6	NA	loss	22	FP
MME	NA	gain	22	FP
MME	NA	loss	22	FP
MPL	NA	gain	13	FP
MPL	NA	loss	13	FP
MPO	NA	gain	10	FP
MS4A1	NA	loss	11	FP
MSI2	NA	gain	18	FP
MSI2	NA	loss	18	FP
MYB	NA	gain	20	FP
MYB	NA	loss	20	FP
MYH11	NA	gain	27	FP
MYH11	NA	loss	27	FP
MYH9	NA	gain	44	FP
MYH9	NA	loss	44	FP
NALF1	NA	gain	1	FP
NDE1	NA	gain	13	FP
NDE1	NA	loss	13	FP
NF1	NA	gain	63	FP
NF1	NA	loss	63	FP
NOTCH1	NA	gain	30	FP
NPDC1	NA	gain	4	FP
NPM1	NA	gain	14	FP
NPM1	NA	loss	14	FP
NRAS	NA	gain	5	FP
NRAS	NA	loss	5	FP
NRXN3	NA	gain	30	FP
NRXN3	NA	loss	30	FP
NSD2	NA	gain	28	FP
NSD2	NA	loss	28	FP
NT5C2	NA	loss	21	FP
NUP214	NA	gain	38	FP
NUP214	NA	loss	38	FP
NUP98	NA	gain	32	FP
NUP98	NA	loss	32	FP
OSBP2	NA	gain	1	FP
PAX5	NA	gain	80	FP
PAX5	NA	loss	80	FP
PDGFRB	NA	gain	22	FP
PDGFRB	NA	loss	22	FP
PHF6	NA	gain	9	FP
PHF6	NA	loss	9	FP
POU4F1	NA	gain	4	FP
POU4F1	NA	loss	4	FP
PPM1D	NA	gain	6	FP
PPM1D	NA	loss	6	FP
PTEN	NA	loss	9	FP
PTPN11	NA	gain	17	FP
PTPN11	NA	loss	17	FP
PXDN	NA	gain	24	FP
PXDN	NA	loss	24	FP
RAD51	NA	gain	9	FP
RAD51	NA	loss	9	FP
RAG1	NA	loss	2	FP
RAG2	NA	loss	3	FP
RARA	NA	gain	14	FP
RASSF8	NA	loss	1	FP
RB1	NA	gain	53	FP
RB1	NA	loss	53	FP
RCBTB2	NA	gain	18	FP
RCBTB2	NA	loss	18	FP
RUNDC3B	NA	loss	1	FP
RUNX1	NA	gain	12	FP
RUNX1	NA	loss	12	FP
SELL	NA	loss	10	FP
SETBP1	NA	gain	8	FP
SETBP1	NA	loss	8	FP
SETD1B	NA	gain	16	FP
SETD1B	NA	loss	16	FP
SETD2	NA	gain	22	FP
SETD2	NA	loss	22	FP
SF3B1	NA	gain	26	FP
SF3B1	NA	loss	26	FP
SH2B3	NA	gain	7	FP
SHANK3	NA	gain	20	FP
SHANK3	NA	loss	20	FP
SLC22A1	NA	gain	11	FP
SLC22A1	NA	loss	11	FP
SLC22A15	NA	loss	1	FP
SLC23A1	NA	gain	10	FP
SLC23A1	NA	loss	10	FP
SLC8A3	NA	gain	10	FP
SLC8A3	NA	loss	10	FP
SMAD1	NA	gain	10	FP
SMAD1	NA	loss	10	FP
SMARCA4	NA	gain	35	FP
SMARCB1	NA	gain	9	FP
SMARCB1	NA	loss	9	FP
SMC1A	NA	gain	20	FP
SMC1A	NA	loss	20	FP
SMC3	NA	gain	28	FP
SMC3	NA	loss	28	FP
SMO	NA	gain	13	FP
SMO	NA	loss	13	FP
SNX13	NA	loss	1	FP
SOCS2	NA	gain	2	FP
SOCS2	NA	loss	2	FP
SOX5	NA	loss	1	FP
SPAG17	NA	loss	1	FP
SPECC1L	NA	gain	18	FP
SPECC1L	NA	loss	18	FP
SPMIP7	NA	loss	1	FP
SRSF2	NA	gain	2	FP
STAG2	NA	gain	35	FP
STAG2	NA	loss	35	FP
STAT5B	NA	gain	16	FP
STAT5B	NA	loss	16	FP
SUZ12	NA	gain	15	FP
SUZ12	NA	loss	15	FP
TAFAZZIN	NA	gain	5	FP
TCF3	NA	gain	14	FP
TET2	NA	gain	13	FP
TET2	NA	loss	13	FP
TFF3	NA	gain	3	FP
TGFA	NA	gain	9	FP
TGFA	NA	loss	9	FP
TNRC6B	NA	gain	23	FP
TNRC6B	NA	loss	23	FP
TP53	NA	gain	9	FP
TP53	NA	loss	9	FP
TRIO	NA	gain	59	FP
TRIO	NA	loss	59	FP
TTF2	NA	loss	1	FP
U2AF1	NA	gain	8	FP
U2AF1	NA	loss	8	FP
UBE2A	NA	gain	6	FP
UBE2A	NA	loss	6	FP
VPREB1	NA	gain	1	FP
WNT2B	NA	loss	1	FP
WT1	NA	gain	12	FP
WT1	NA	loss	12	FP
XPO1	NA	loss	22	FP
ZCCHC7	NA	gain	11	FP
ZCCHC7	NA	loss	11	FP
ZNF253	NA	loss	1	FP
ZNF384	NA	gain	11	FP
ZNF384	NA	loss	11	FP
ZRSR2	NA	gain	12	FP
