chr.x	position.x	left_cnv.x	right_cnv.x	chr.y	position.y	left_cnv.y	right_cnv.y	result
chr22	17787620	neutral	gain	chr22	17787670	neutral	gain	TP
chr8	42052008	gain	neutral	chr8	42052008	gain	neutral	TP
chr8	91954955	neutral	gain	chr8	91954954	neutral	gain	TP
chr8	133134938	gain	neutral	chr8	133134938	gain	neutral	TP
chr9	21974651	neutral	loss	chr9	21974650	neutral	loss	TP
chr9	22006292	loss	neutral	chr9	22006292	loss	neutral	TP
chr9	124257574	neutral	loss	chr9	124257573	neutral	loss	TP
chr1	207880940	neutral	gain	NA	NA	NA	NA	FN
chr1	207911431	gain	neutral	NA	NA	NA	NA	FN
chr1	214348662	neutral	gain	NA	NA	NA	NA	FN
chr1	214402978	gain	neutral	NA	NA	NA	NA	FN
chr17	16215335	neutral	gain	NA	NA	NA	NA	FN
chr17	16215586	gain	neutral	NA	NA	NA	NA	FN
chr17	16217835	neutral	gain	NA	NA	NA	NA	FN
chr17	16218190	gain	neutral	NA	NA	NA	NA	FN
chr22	18024569	gain	neutral	NA	NA	NA	NA	FN
chr22	19875492	neutral	gain	NA	NA	NA	NA	FN
chr22	19942023	gain	neutral	NA	NA	NA	NA	FN
chr22	21919400	neutral	gain	NA	NA	NA	NA	FN
chr22	21952884	gain	neutral	NA	NA	NA	NA	FN
chr22	23180186	neutral	gain	NA	NA	NA	NA	FN
chr22	23290241	gain	neutral	NA	NA	NA	NA	FN
chr7	50305920	neutral	loss	NA	NA	NA	NA	FN
chr7	50396031	loss	neutral	NA	NA	NA	NA	FN
chr8	9555893	neutral	loss	NA	NA	NA	NA	FN
chr8	9782374	loss	neutral	NA	NA	NA	NA	FN
chr8	41929446	neutral	gain	NA	NA	NA	NA	FN
chr8	92103317	gain	neutral	NA	NA	NA	NA	FN
chr8	103140684	neutral	gain	NA	NA	NA	NA	FN
chr8	103230326	gain	neutral	NA	NA	NA	NA	FN
chr8	116845904	neutral	gain	NA	NA	NA	NA	FN
chr8	116874894	gain	neutral	NA	NA	NA	NA	FN
chr8	127735402	neutral	gain	NA	NA	NA	NA	FN
chr8	127741461	gain	neutral	NA	NA	NA	NA	FN
chr8	132866935	neutral	gain	NA	NA	NA	NA	FN
chr9	21975103	loss	neutral	NA	NA	NA	NA	FN
chr9	21994791	neutral	loss	NA	NA	NA	NA	FN
chr9	124353334	loss	neutral	NA	NA	NA	NA	FN
chr9	128947655	neutral	loss	NA	NA	NA	NA	FN
chr9	129007107	loss	neutral	NA	NA	NA	NA	FN
chr9	129835425	neutral	loss	NA	NA	NA	NA	FN
chr9	129881846	loss	neutral	NA	NA	NA	NA	FN
chr9	130265850	neutral	loss	NA	NA	NA	NA	FN
chr9	130434147	loss	neutral	NA	NA	NA	NA	FN
chr9	130444899	neutral	loss	NA	NA	NA	NA	FN
chr9	130501289	loss	neutral	NA	NA	NA	NA	FN
chr9	130713914	neutral	loss	NA	NA	NA	NA	FN
chr9	130735551	loss	neutral	NA	NA	NA	NA	FN
NA	NA	NA	NA	chr1	207881065	neutral	gain	FP
NA	NA	NA	NA	chr1	214551270	gain	neutral	FP
NA	NA	NA	NA	chr10	110580882	neutral	loss	FP
NA	NA	NA	NA	chr10	110590001	loss	neutral	FP
NA	NA	NA	NA	chr10	110590387	neutral	loss	FP
NA	NA	NA	NA	chr10	110602214	loss	neutral	FP
NA	NA	NA	NA	chr10	110602491	neutral	gain	FP
NA	NA	NA	NA	chr10	110604375	gain	neutral	FP
NA	NA	NA	NA	chr11	32391947	neutral	loss	FP
NA	NA	NA	NA	chr11	36574660	loss	neutral	FP
NA	NA	NA	NA	chr11	36576711	neutral	gain	FP
NA	NA	NA	NA	chr11	36595229	gain	neutral	FP
NA	NA	NA	NA	chr11	36598073	neutral	loss	FP
NA	NA	NA	NA	chr11	36598263	loss	neutral	FP
NA	NA	NA	NA	chr11	92352236	neutral	loss	FP
NA	NA	NA	NA	chr11	92890727	loss	neutral	FP
NA	NA	NA	NA	chr11	118450042	neutral	gain	FP
NA	NA	NA	NA	chr11	118471691	gain	loss	FP
NA	NA	NA	NA	chr11	118472334	loss	neutral	FP
NA	NA	NA	NA	chr11	118472762	neutral	gain	FP
NA	NA	NA	NA	chr11	118473084	gain	neutral	FP
NA	NA	NA	NA	chr11	118522397	neutral	gain	FP
NA	NA	NA	NA	chr11	119206518	gain	neutral	FP
NA	NA	NA	NA	chr11	119300256	neutral	gain	FP
NA	NA	NA	NA	chr11	119308181	gain	neutral	FP
NA	NA	NA	NA	chr12	49029148	neutral	loss	FP
NA	NA	NA	NA	chr12	49030736	loss	gain	FP
NA	NA	NA	NA	chr12	49033765	gain	neutral	FP
NA	NA	NA	NA	chr12	49040190	neutral	loss	FP
NA	NA	NA	NA	chr12	49040900	loss	neutral	FP
NA	NA	NA	NA	chr12	49045863	neutral	loss	FP
NA	NA	NA	NA	chr12	49052587	loss	neutral	FP
NA	NA	NA	NA	chr12	112450333	neutral	loss	FP
NA	NA	NA	NA	chr12	112482239	loss	neutral	FP
NA	NA	NA	NA	chr12	112507370	neutral	gain	FP
NA	NA	NA	NA	chr12	112509948	gain	neutral	FP
NA	NA	NA	NA	chr12	121823250	neutral	loss	FP
NA	NA	NA	NA	chr12	121830203	loss	gain	FP
NA	NA	NA	NA	chr12	121832678	gain	neutral	FP
NA	NA	NA	NA	chr13	48480189	neutral	gain	FP
NA	NA	NA	NA	chr13	48482019	gain	neutral	FP
NA	NA	NA	NA	chr14	79279307	neutral	gain	FP
NA	NA	NA	NA	chr14	79467442	gain	neutral	FP
NA	NA	NA	NA	chr16	3740375	neutral	gain	FP
NA	NA	NA	NA	chr16	3740579	gain	neutral	FP
NA	NA	NA	NA	chr16	15703145	neutral	gain	FP
NA	NA	NA	NA	chr16	15757862	gain	loss	FP
NA	NA	NA	NA	chr16	67030201	loss	neutral	FP
NA	NA	NA	NA	chr16	67036606	neutral	gain	FP
NA	NA	NA	NA	chr16	67101084	gain	neutral	FP
NA	NA	NA	NA	chr17	31358582	neutral	gain	FP
NA	NA	NA	NA	chr17	31377635	gain	neutral	FP
NA	NA	NA	NA	chr17	57677042	neutral	gain	FP
NA	NA	NA	NA	chr17	57683519	gain	neutral	FP
NA	NA	NA	NA	chr17	60663783	neutral	gain	FP
NA	NA	NA	NA	chr17	60664509	gain	neutral	FP
NA	NA	NA	NA	chr18	44680252	neutral	loss	FP
NA	NA	NA	NA	chr18	44952493	loss	gain	FP
NA	NA	NA	NA	chr18	44952816	gain	loss	FP
NA	NA	NA	NA	chr18	45064066	loss	gain	FP
NA	NA	NA	NA	chr18	45064814	gain	neutral	FP
NA	NA	NA	NA	chr18	45064911	neutral	gain	FP
NA	NA	NA	NA	chr18	45066662	gain	neutral	FP
NA	NA	NA	NA	chr19	1619447	neutral	loss	FP
NA	NA	NA	NA	chr19	6218066	loss	neutral	FP
NA	NA	NA	NA	chr19	6222095	neutral	gain	FP
NA	NA	NA	NA	chr19	10965376	gain	neutral	FP
NA	NA	NA	NA	chr19	10977628	neutral	loss	FP
NA	NA	NA	NA	chr19	11062312	loss	neutral	FP
NA	NA	NA	NA	chr19	17824754	neutral	loss	FP
NA	NA	NA	NA	chr19	18443279	loss	gain	FP
NA	NA	NA	NA	chr19	18443711	gain	neutral	FP
NA	NA	NA	NA	chr2	1680219	neutral	loss	FP
NA	NA	NA	NA	chr2	25228855	loss	gain	FP
NA	NA	NA	NA	chr2	25229285	gain	neutral	FP
NA	NA	NA	NA	chr2	25236899	neutral	loss	FP
NA	NA	NA	NA	chr2	25245367	loss	neutral	FP
NA	NA	NA	NA	chr2	61537529	neutral	loss	FP
NA	NA	NA	NA	chr2	120992670	loss	neutral	FP
NA	NA	NA	NA	chr21	35984540	neutral	loss	FP
NA	NA	NA	NA	chr21	36004685	loss	neutral	FP
NA	NA	NA	NA	chr22	19877136	gain	neutral	FP
NA	NA	NA	NA	chr22	21919668	neutral	gain	FP
NA	NA	NA	NA	chr22	23182276	gain	neutral	FP
NA	NA	NA	NA	chr22	23198115	neutral	gain	FP
NA	NA	NA	NA	chr22	23293091	gain	neutral	FP
NA	NA	NA	NA	chr22	24321318	neutral	loss	FP
NA	NA	NA	NA	chr22	24330442	loss	neutral	FP
NA	NA	NA	NA	chr22	24416387	neutral	gain	FP
NA	NA	NA	NA	chr22	24417755	gain	neutral	FP
NA	NA	NA	NA	chr22	36281257	neutral	gain	FP
NA	NA	NA	NA	chr22	36314239	gain	loss	FP
NA	NA	NA	NA	chr22	40321339	loss	gain	FP
NA	NA	NA	NA	chr22	40335604	gain	neutral	FP
NA	NA	NA	NA	chr3	47016734	neutral	gain	FP
NA	NA	NA	NA	chr3	52401310	gain	neutral	FP
NA	NA	NA	NA	chr4	1892849	neutral	loss	FP
NA	NA	NA	NA	chr4	1938577	loss	neutral	FP
NA	NA	NA	NA	chr4	1939674	neutral	gain	FP
NA	NA	NA	NA	chr4	1943686	gain	neutral	FP
NA	NA	NA	NA	chr4	1943740	neutral	loss	FP
NA	NA	NA	NA	chr4	1944172	loss	neutral	FP
NA	NA	NA	NA	chr4	1957909	neutral	loss	FP
NA	NA	NA	NA	chr4	1974992	loss	gain	FP
NA	NA	NA	NA	chr4	1982164	gain	neutral	FP
NA	NA	NA	NA	chr4	86935148	neutral	loss	FP
NA	NA	NA	NA	chr4	87046320	loss	neutral	FP
NA	NA	NA	NA	chr4	87108135	neutral	loss	FP
NA	NA	NA	NA	chr4	87125152	loss	neutral	FP
NA	NA	NA	NA	chr4	87126065	neutral	gain	FP
NA	NA	NA	NA	chr4	87126361	gain	neutral	FP
NA	NA	NA	NA	chr4	87136882	neutral	gain	FP
NA	NA	NA	NA	chr4	87139911	gain	neutral	FP
NA	NA	NA	NA	chr4	105145901	neutral	loss	FP
NA	NA	NA	NA	chr4	105240289	loss	neutral	FP
NA	NA	NA	NA	chr4	105240396	neutral	gain	FP
NA	NA	NA	NA	chr4	105242942	gain	neutral	FP
NA	NA	NA	NA	chr4	105243542	neutral	loss	FP
NA	NA	NA	NA	chr4	105278247	loss	neutral	FP
NA	NA	NA	NA	chr5	132878021	neutral	loss	FP
NA	NA	NA	NA	chr5	132880076	loss	neutral	FP
NA	NA	NA	NA	chr5	132892095	neutral	gain	FP
NA	NA	NA	NA	chr5	132898257	gain	neutral	FP
NA	NA	NA	NA	chr6	47005772	neutral	loss	FP
NA	NA	NA	NA	chr6	47018561	loss	neutral	FP
NA	NA	NA	NA	chr6	135039697	neutral	loss	FP
NA	NA	NA	NA	chr6	167907324	loss	neutral	FP
NA	NA	NA	NA	chr6	167911058	neutral	gain	FP
NA	NA	NA	NA	chr6	167913477	gain	neutral	FP
NA	NA	NA	NA	chr6	167914138	neutral	loss	FP
NA	NA	NA	NA	chr6	167917188	loss	gain	FP
NA	NA	NA	NA	chr6	167924928	gain	loss	FP
NA	NA	NA	NA	chr6	167962622	loss	gain	FP
NA	NA	NA	NA	chr6	167972045	gain	neutral	FP
NA	NA	NA	NA	chr7	2906109	neutral	loss	FP
NA	NA	NA	NA	chr7	50369760	loss	neutral	FP
NA	NA	NA	NA	chr7	50369814	neutral	loss	FP
NA	NA	NA	NA	chr7	50393867	loss	neutral	FP
NA	NA	NA	NA	chr7	50402940	neutral	gain	FP
NA	NA	NA	NA	chr7	50404365	gain	neutral	FP
NA	NA	NA	NA	chr7	101815965	neutral	loss	FP
NA	NA	NA	NA	chr7	101816124	loss	neutral	FP
NA	NA	NA	NA	chr7	101817611	neutral	gain	FP
NA	NA	NA	NA	chr7	101913468	gain	neutral	FP
NA	NA	NA	NA	chr7	101916093	neutral	loss	FP
NA	NA	NA	NA	chr7	102239558	loss	gain	FP
NA	NA	NA	NA	chr7	102258193	gain	neutral	FP
NA	NA	NA	NA	chr7	102273332	neutral	loss	FP
NA	NA	NA	NA	chr7	148816808	loss	neutral	FP
NA	NA	NA	NA	chr8	9555946	neutral	loss	FP
NA	NA	NA	NA	chr8	9748237	loss	neutral	FP
NA	NA	NA	NA	chr8	9751587	neutral	loss	FP
NA	NA	NA	NA	chr8	9782266	loss	gain	FP
NA	NA	NA	NA	chr8	41931076	gain	neutral	FP
NA	NA	NA	NA	chr8	41931131	neutral	gain	FP
NA	NA	NA	NA	chr8	91959564	gain	neutral	FP
NA	NA	NA	NA	chr8	91959619	neutral	gain	FP
NA	NA	NA	NA	chr9	4984364	neutral	loss	FP
NA	NA	NA	NA	chr9	5090915	loss	neutral	FP
NA	NA	NA	NA	chr9	20413693	neutral	gain	FP
NA	NA	NA	NA	chr9	20622527	gain	neutral	FP
NA	NA	NA	NA	chr9	21967775	neutral	loss	FP
NA	NA	NA	NA	chr9	21971441	loss	neutral	FP
NA	NA	NA	NA	chr9	22003561	loss	neutral	FP
NA	NA	NA	NA	chr9	22003667	neutral	loss	FP
NA	NA	NA	NA	chr9	36835302	neutral	gain	FP
NA	NA	NA	NA	chr9	36835628	gain	neutral	FP
NA	NA	NA	NA	chr9	128970975	loss	neutral	FP
NA	NA	NA	NA	chr9	128973124	neutral	loss	FP
NA	NA	NA	NA	chr9	129006522	loss	neutral	FP
NA	NA	NA	NA	chr9	129006575	neutral	loss	FP
NA	NA	NA	NA	chr9	129849959	loss	neutral	FP
NA	NA	NA	NA	chr9	129852504	neutral	loss	FP
NA	NA	NA	NA	chr9	130835507	loss	neutral	FP
NA	NA	NA	NA	chr9	131187336	neutral	gain	FP
NA	NA	NA	NA	chr9	131199041	gain	neutral	FP
NA	NA	NA	NA	chr9	131201651	neutral	gain	FP
NA	NA	NA	NA	chr9	131234585	gain	neutral	FP
NA	NA	NA	NA	chrX	1198537	neutral	loss	FP
NA	NA	NA	NA	chrX	15804243	loss	neutral	FP
NA	NA	NA	NA	chrX	15808179	neutral	loss	FP
NA	NA	NA	NA	chrX	40063099	loss	neutral	FP
NA	NA	NA	NA	chrX	40097192	neutral	loss	FP
NA	NA	NA	NA	chrX	40177095	loss	neutral	FP
NA	NA	NA	NA	chrX	53088688	neutral	loss	FP
NA	NA	NA	NA	chrX	53090850	loss	neutral	FP
NA	NA	NA	NA	chrX	53376421	neutral	gain	FP
NA	NA	NA	NA	chrX	53376957	gain	loss	FP
NA	NA	NA	NA	chrX	53394928	loss	neutral	FP
NA	NA	NA	NA	chrX	53396204	neutral	gain	FP
NA	NA	NA	NA	chrX	53396501	gain	neutral	FP
NA	NA	NA	NA	chrX	101349416	neutral	loss	FP
NA	NA	NA	NA	chrX	101386213	loss	neutral	FP
NA	NA	NA	NA	chrX	123960215	neutral	loss	FP
NA	NA	NA	NA	chrX	124078079	loss	neutral	FP
NA	NA	NA	NA	chrX	130016029	neutral	loss	FP
NA	NA	NA	NA	chrX	130039326	loss	neutral	FP
