gene	True	Test	probes	result
ASS1	loss	NA	18	FN
BAALC	gain	NA	6	FN
BCR	gain	NA	83	FN
CD34	gain	NA	9	FN
CDKN2A	loss	NA	12	FN
CDKN2B-AS1	loss	NA	29	FN
CHRM3	gain	NA	1	FN
EPRS1	gain	NA	1	FN
EXOSC2	loss	NA	9	FN
FAM135B	gain	NA	1	FN
HMCN2	loss	NA	80	FN
IKZF1	loss	NA	50	FN
KAT6A	gain	NA	22	FN
KDM6A	loss	NA	30	FN
MICAL3	gain	NA	42	FN
MTAP	loss	NA	9	FN
MYC	gain	NA	3	FN
NCOR1	gain	NA	51	FN
NEK6	loss	NA	17	FN
NUP188	loss	NA	39	FN
PIGL	gain	NA	1	FN
PPM1F	gain	NA	11	FN
PTGES	loss	NA	3	FN
PTPN14	gain	NA	19	FN
PTPRC	gain	NA	34	FN
RAD21	gain	NA	13	FN
RUNX1T1	gain	NA	21	FN
TG	gain	NA	49	FN
TNKS	loss	NA	28	FN
TXNRD2	gain	NA	18	FN
USP20	loss	NA	23	FN
ZMAT4	loss	NA	1	FN
ASXL1	NA	gain	14	FP
