gene	True	Test	probes	result
ASS1	loss	loss	18	TP
BAALC	gain	NA	6	FN
BCR	gain	gain	83	TP
CD34	gain	gain	9	TP
CDKN2A	loss	loss	12	TP
CDKN2B-AS1	loss	loss	29	TP
CHRM3	gain	loss	1	FP
EPRS1	gain	loss	1	FP
EXOSC2	loss	loss	9	TP
FAM135B	gain	gain	1	TP
HMCN2	loss	loss	80	TP
IKZF1	loss	gain	50	FP
IKZF1	loss	loss	50	TP
KAT6A	gain	gain	22	TP
KAT6A	gain	loss	22	FP
KDM6A	loss	loss	30	TP
MICAL3	gain	gain	42	TP
MTAP	loss	NA	9	FN
MYC	gain	gain	3	TP
NCOR1	gain	gain	51	TP
NCOR1	gain	loss	51	FP
NEK6	loss	loss	17	TP
NUP188	loss	loss	39	TP
PIGL	gain	loss	1	FP
PPM1F	gain	gain	11	TP
PTGES	loss	loss	3	TP
PTPN14	gain	gain	19	TP
PTPN14	gain	loss	19	FP
PTPRC	gain	gain	34	TP
RAD21	gain	NA	13	FN
RUNX1T1	gain	gain	21	TP
TG	gain	gain	49	TP
TNKS	loss	loss	28	TP
TXNRD2	gain	gain	18	TP
USP20	loss	loss	23	TP
ZMAT4	loss	loss	1	TP
ABCB1	NA	loss	30	FP
ABCC6	NA	loss	32	FP
ABL1	NA	loss	21	FP
ADGRF1	NA	gain	16	FP
ADGRF1	NA	loss	16	FP
AICDA	NA	loss	5	FP
AKT1	NA	loss	13	FP
ANPEP	NA	gain	17	FP
ANPEP	NA	loss	17	FP
ASXL1	NA	gain	14	FP
ATM	NA	gain	63	FP
ATM	NA	loss	63	FP
BAP1	NA	gain	12	FP
BBS9	NA	loss	25	FP
BCAT1	NA	loss	12	FP
BCL2	NA	gain	3	FP
BCORL1	NA	gain	15	FP
BCORL1	NA	loss	15	FP
BLNK	NA	loss	19	FP
BTK	NA	loss	20	FP
CACNA1B	NA	gain	53	FP
CACNA1B	NA	loss	53	FP
CALR	NA	loss	6	FP
CARD11	NA	loss	27	FP
CARMIL1	NA	loss	1	FP
CBL	NA	gain	17	FP
CD22	NA	loss	12	FP
CD33	NA	gain	6	FP
CD33	NA	loss	6	FP
CD4	NA	loss	9	FP
CEBPA	NA	loss	2	FP
CRLF2	NA	loss	5	FP
CUX1	NA	loss	26	FP
DMRTA1	NA	loss	2	FP
DNAH9	NA	loss	1	FP
DNMT3A	NA	loss	24	FP
DNTT	NA	loss	11	FP
EBF1	NA	loss	19	FP
EED	NA	loss	12	FP
ELL	NA	loss	13	FP
ETV6	NA	loss	9	FP
EZH2	NA	loss	23	FP
FAT3	NA	gain	27	FP
FAT3	NA	loss	27	FP
FIGNL1	NA	gain	2	FP
FLT3	NA	loss	21	FP
GLI2	NA	loss	16	FP
HOXA10	NA	loss	4	FP
HOXA4	NA	loss	2	FP
HOXA5	NA	loss	2	FP
HOXA7	NA	loss	2	FP
HOXA9	NA	loss	2	FP
IDH1	NA	loss	8	FP
IL7R	NA	loss	9	FP
ITGAE	NA	loss	33	FP
JAK3	NA	loss	21	FP
KATNAL2	NA	loss	1	FP
KDM5A	NA	loss	31	FP
KMT2A	NA	gain	39	FP
KMT2D	NA	gain	32	FP
KMT2D	NA	loss	32	FP
KRAS	NA	loss	8	FP
LTF	NA	loss	20	FP
MEIS1	NA	loss	14	FP
MLLT1	NA	loss	15	FP
MS4A1	NA	gain	11	FP
MS4A1	NA	loss	11	FP
NALF1	NA	loss	1	FP
NOTCH1	NA	gain	30	FP
NOTCH1	NA	loss	30	FP
NPDC1	NA	loss	4	FP
NPM1	NA	loss	14	FP
NRXN3	NA	gain	30	FP
NT5C2	NA	loss	21	FP
NUP214	NA	gain	38	FP
PAX5	NA	loss	80	FP
PDGFRB	NA	gain	22	FP
PDGFRB	NA	loss	22	FP
PHF6	NA	loss	9	FP
POU4F1	NA	loss	4	FP
PTEN	NA	loss	9	FP
PXDN	NA	gain	24	FP
PXDN	NA	loss	24	FP
RAD51	NA	loss	9	FP
RAG1	NA	gain	2	FP
RAG2	NA	gain	3	FP
RASSF8	NA	loss	1	FP
RB1	NA	loss	53	FP
RCBTB2	NA	loss	18	FP
RUNDC3B	NA	loss	1	FP
RUNX1	NA	gain	12	FP
SETBP1	NA	gain	8	FP
SETBP1	NA	loss	8	FP
SETD2	NA	gain	22	FP
SETD2	NA	loss	22	FP
SF3B1	NA	loss	26	FP
SLC8A3	NA	gain	10	FP
SMARCA4	NA	loss	35	FP
SMC1A	NA	loss	20	FP
SMC3	NA	loss	28	FP
SMO	NA	loss	13	FP
SNX13	NA	loss	1	FP
SOX5	NA	loss	1	FP
SPMIP7	NA	loss	1	FP
STAG2	NA	loss	35	FP
TAFAZZIN	NA	loss	5	FP
TCF3	NA	loss	14	FP
TGFA	NA	loss	9	FP
TP53	NA	loss	9	FP
TRIO	NA	gain	59	FP
TRIO	NA	loss	59	FP
UBE2A	NA	loss	6	FP
VPREB1	NA	gain	1	FP
WT1	NA	gain	12	FP
WT1	NA	loss	12	FP
XPO1	NA	loss	22	FP
ZCCHC7	NA	loss	11	FP
ZNF253	NA	loss	1	FP
ZNF384	NA	loss	11	FP
ZRSR2	NA	loss	12	FP
