chr.x	position.x	left_cnv.x	right_cnv.x	chr.y	position.y	left_cnv.y	right_cnv.y	result
chr8	9555893	neutral	loss	chr8	9555892	neutral	loss	TP
chr9	130501289	loss	neutral	chr9	130501289	loss	neutral	TP
chr1	207880940	neutral	gain	NA	NA	NA	NA	FN
chr1	207911431	gain	neutral	NA	NA	NA	NA	FN
chr1	214348662	neutral	gain	NA	NA	NA	NA	FN
chr1	214402978	gain	neutral	NA	NA	NA	NA	FN
chr17	16215335	neutral	gain	NA	NA	NA	NA	FN
chr17	16215586	gain	neutral	NA	NA	NA	NA	FN
chr17	16217835	neutral	gain	NA	NA	NA	NA	FN
chr17	16218190	gain	neutral	NA	NA	NA	NA	FN
chr22	17787620	neutral	gain	NA	NA	NA	NA	FN
chr22	18024569	gain	neutral	NA	NA	NA	NA	FN
chr22	19875492	neutral	gain	NA	NA	NA	NA	FN
chr22	19942023	gain	neutral	NA	NA	NA	NA	FN
chr22	21919400	neutral	gain	NA	NA	NA	NA	FN
chr22	21952884	gain	neutral	NA	NA	NA	NA	FN
chr22	23180186	neutral	gain	NA	NA	NA	NA	FN
chr22	23290241	gain	neutral	NA	NA	NA	NA	FN
chr7	50305920	neutral	loss	NA	NA	NA	NA	FN
chr7	50396031	loss	neutral	NA	NA	NA	NA	FN
chr8	9782374	loss	neutral	NA	NA	NA	NA	FN
chr8	41929446	neutral	gain	NA	NA	NA	NA	FN
chr8	42052008	gain	neutral	NA	NA	NA	NA	FN
chr8	91954955	neutral	gain	NA	NA	NA	NA	FN
chr8	92103317	gain	neutral	NA	NA	NA	NA	FN
chr8	103140684	neutral	gain	NA	NA	NA	NA	FN
chr8	103230326	gain	neutral	NA	NA	NA	NA	FN
chr8	116845904	neutral	gain	NA	NA	NA	NA	FN
chr8	116874894	gain	neutral	NA	NA	NA	NA	FN
chr8	127735402	neutral	gain	NA	NA	NA	NA	FN
chr8	127741461	gain	neutral	NA	NA	NA	NA	FN
chr8	132866935	neutral	gain	NA	NA	NA	NA	FN
chr8	133134938	gain	neutral	NA	NA	NA	NA	FN
chr9	21974651	neutral	loss	NA	NA	NA	NA	FN
chr9	21975103	loss	neutral	NA	NA	NA	NA	FN
chr9	21994791	neutral	loss	NA	NA	NA	NA	FN
chr9	22006292	loss	neutral	NA	NA	NA	NA	FN
chr9	124257574	neutral	loss	NA	NA	NA	NA	FN
chr9	124353334	loss	neutral	NA	NA	NA	NA	FN
chr9	128947655	neutral	loss	NA	NA	NA	NA	FN
chr9	129007107	loss	neutral	NA	NA	NA	NA	FN
chr9	129835425	neutral	loss	NA	NA	NA	NA	FN
chr9	129881846	loss	neutral	NA	NA	NA	NA	FN
chr9	130265850	neutral	loss	NA	NA	NA	NA	FN
chr9	130434147	loss	neutral	NA	NA	NA	NA	FN
chr9	130444899	neutral	loss	NA	NA	NA	NA	FN
chr9	130713914	neutral	loss	NA	NA	NA	NA	FN
chr9	130735551	loss	neutral	NA	NA	NA	NA	FN
NA	NA	NA	NA	chr1	64833204	neutral	gain	FP
NA	NA	NA	NA	chr1	64883508	gain	neutral	FP
NA	NA	NA	NA	chr1	64886229	neutral	loss	FP
NA	NA	NA	NA	chr1	114708228	loss	neutral	FP
NA	NA	NA	NA	chr1	114708497	neutral	gain	FP
NA	NA	NA	NA	chr1	114716204	gain	neutral	FP
NA	NA	NA	NA	chr1	156500452	neutral	gain	FP
NA	NA	NA	NA	chr1	207889189	gain	neutral	FP
NA	NA	NA	NA	chr1	207889194	neutral	gain	FP
NA	NA	NA	NA	chr1	214378149	gain	neutral	FP
NA	NA	NA	NA	chr1	214383281	neutral	gain	FP
NA	NA	NA	NA	chr1	214551270	gain	neutral	FP
NA	NA	NA	NA	chr10	21534137	neutral	loss	FP
NA	NA	NA	NA	chr10	21586386	loss	neutral	FP
NA	NA	NA	NA	chr10	103153536	neutral	loss	FP
NA	NA	NA	NA	chr10	110567835	loss	neutral	FP
NA	NA	NA	NA	chr10	110568902	neutral	gain	FP
NA	NA	NA	NA	chr10	110578725	gain	neutral	FP
NA	NA	NA	NA	chr10	110580882	neutral	loss	FP
NA	NA	NA	NA	chr10	110590001	loss	neutral	FP
NA	NA	NA	NA	chr11	3671051	neutral	gain	FP
NA	NA	NA	NA	chr11	3779054	gain	neutral	FP
NA	NA	NA	NA	chr11	32400112	neutral	loss	FP
NA	NA	NA	NA	chr11	32435556	loss	neutral	FP
NA	NA	NA	NA	chr11	92892699	neutral	loss	FP
NA	NA	NA	NA	chr11	118436973	loss	neutral	FP
NA	NA	NA	NA	chr12	112456020	neutral	loss	FP
NA	NA	NA	NA	chr12	112473078	loss	neutral	FP
NA	NA	NA	NA	chr12	112509875	neutral	loss	FP
NA	NA	NA	NA	chr12	121831849	loss	neutral	FP
NA	NA	NA	NA	chr13	28003252	neutral	loss	FP
NA	NA	NA	NA	chr13	28015734	loss	neutral	FP
NA	NA	NA	NA	chr13	78598476	neutral	loss	FP
NA	NA	NA	NA	chr13	78603579	loss	neutral	FP
NA	NA	NA	NA	chr14	78170339	neutral	gain	FP
NA	NA	NA	NA	chr14	78698318	gain	neutral	FP
NA	NA	NA	NA	chr15	90091524	neutral	gain	FP
NA	NA	NA	NA	chr15	90102524	gain	neutral	FP
NA	NA	NA	NA	chr16	3725025	neutral	gain	FP
NA	NA	NA	NA	chr16	3740579	gain	neutral	FP
NA	NA	NA	NA	chr16	3744845	neutral	gain	FP
NA	NA	NA	NA	chr16	3810789	gain	neutral	FP
NA	NA	NA	NA	chr16	3850270	neutral	loss	FP
NA	NA	NA	NA	chr16	3880721	loss	neutral	FP
NA	NA	NA	NA	chr16	15703145	neutral	gain	FP
NA	NA	NA	NA	chr16	15856897	gain	neutral	FP
NA	NA	NA	NA	chr16	15856915	neutral	loss	FP
NA	NA	NA	NA	chr16	67029509	loss	neutral	FP
NA	NA	NA	NA	chr16	67029696	neutral	gain	FP
NA	NA	NA	NA	chr16	67099705	gain	neutral	FP
NA	NA	NA	NA	chr17	7668381	neutral	loss	FP
NA	NA	NA	NA	chr17	7676641	loss	neutral	FP
NA	NA	NA	NA	chr17	7677301	neutral	gain	FP
NA	NA	NA	NA	chr17	16149473	gain	neutral	FP
NA	NA	NA	NA	chr19	1609261	neutral	gain	FP
NA	NA	NA	NA	chr19	1619268	gain	neutral	FP
NA	NA	NA	NA	chr19	1619291	neutral	loss	FP
NA	NA	NA	NA	chr19	1646446	loss	neutral	FP
NA	NA	NA	NA	chr19	1650156	neutral	loss	FP
NA	NA	NA	NA	chr19	6214054	loss	neutral	FP
NA	NA	NA	NA	chr19	6279740	neutral	loss	FP
NA	NA	NA	NA	chr19	17830659	loss	neutral	FP
NA	NA	NA	NA	chr2	1684043	neutral	loss	FP
NA	NA	NA	NA	chr2	25240755	loss	neutral	FP
NA	NA	NA	NA	chr2	61477824	neutral	gain	FP
NA	NA	NA	NA	chr2	61498822	gain	neutral	FP
NA	NA	NA	NA	chr2	120982686	neutral	gain	FP
NA	NA	NA	NA	chr2	208251580	gain	neutral	FP
NA	NA	NA	NA	chr2	208253861	neutral	loss	FP
NA	NA	NA	NA	chr2	208255148	loss	neutral	FP
NA	NA	NA	NA	chr21	34787766	neutral	loss	FP
NA	NA	NA	NA	chr21	34893004	loss	neutral	FP
NA	NA	NA	NA	chr22	17821999	neutral	gain	FP
NA	NA	NA	NA	chr22	22245537	gain	neutral	FP
NA	NA	NA	NA	chr22	40335691	neutral	loss	FP
NA	NA	NA	NA	chr22	41117862	loss	neutral	FP
NA	NA	NA	NA	chr22	50678560	neutral	loss	FP
NA	NA	NA	NA	chr22	50679206	loss	neutral	FP
NA	NA	NA	NA	chr22	50679280	neutral	loss	FP
NA	NA	NA	NA	chr22	50733331	loss	neutral	FP
NA	NA	NA	NA	chr3	47016681	neutral	gain	FP
NA	NA	NA	NA	chr3	47098104	gain	neutral	FP
NA	NA	NA	NA	chr4	108064365	neutral	gain	FP
NA	NA	NA	NA	chr4	186723878	gain	neutral	FP
NA	NA	NA	NA	chr5	132875345	neutral	loss	FP
NA	NA	NA	NA	chr5	132889188	loss	neutral	FP
NA	NA	NA	NA	chr5	132934120	neutral	gain	FP
NA	NA	NA	NA	chr5	158714215	gain	neutral	FP
NA	NA	NA	NA	chr6	118932693	neutral	loss	FP
NA	NA	NA	NA	chr6	118935174	loss	neutral	FP
NA	NA	NA	NA	chr6	134960345	neutral	gain	FP
NA	NA	NA	NA	chr6	135044946	gain	neutral	FP
NA	NA	NA	NA	chr6	135045465	neutral	loss	FP
NA	NA	NA	NA	chr6	167872405	loss	neutral	FP
NA	NA	NA	NA	chr7	33533927	neutral	loss	FP
NA	NA	NA	NA	chr7	50327772	loss	neutral	FP
NA	NA	NA	NA	chr7	50345088	neutral	loss	FP
NA	NA	NA	NA	chr7	50370800	loss	neutral	FP
NA	NA	NA	NA	chr7	50372728	neutral	loss	FP
NA	NA	NA	NA	chr7	148884322	loss	neutral	FP
NA	NA	NA	NA	chr8	9680032	loss	neutral	FP
NA	NA	NA	NA	chr8	9680692	neutral	loss	FP
NA	NA	NA	NA	chr8	9772459	loss	neutral	FP
NA	NA	NA	NA	chr8	9776622	neutral	gain	FP
NA	NA	NA	NA	chr8	41929924	gain	neutral	FP
NA	NA	NA	NA	chr8	41929965	neutral	gain	FP
NA	NA	NA	NA	chr8	133133689	gain	neutral	FP
NA	NA	NA	NA	chr9	20622477	neutral	loss	FP
NA	NA	NA	NA	chr9	21968792	loss	neutral	FP
NA	NA	NA	NA	chr9	37033952	neutral	loss	FP
NA	NA	NA	NA	chr9	130480411	loss	neutral	FP
NA	NA	NA	NA	chr9	130480418	neutral	loss	FP
NA	NA	NA	NA	chr9	136522825	neutral	loss	FP
NA	NA	NA	NA	chr9	137041212	loss	neutral	FP
NA	NA	NA	NA	chr9	138115526	neutral	loss	FP
NA	NA	NA	NA	chr9	138124655	loss	neutral	FP
NA	NA	NA	NA	chrX	1198537	neutral	gain	FP
NA	NA	NA	NA	chrX	1212666	gain	neutral	FP
NA	NA	NA	NA	chrX	15790429	neutral	loss	FP
NA	NA	NA	NA	chrX	15804243	loss	neutral	FP
NA	NA	NA	NA	chrX	130025139	neutral	loss	FP
NA	NA	NA	NA	chrX	130034710	loss	neutral	FP
NA	NA	NA	NA	chrY	1198522	neutral	loss	FP
NA	NA	NA	NA	chrY	1212695	loss	neutral	FP
