chr.x	position.x	left_cnv.x	right_cnv.x	chr.y	position.y	left_cnv.y	right_cnv.y	result
chr22	17790670	neutral	gain	chr22	17790669	neutral	gain	TP
chr8	40697326	loss	neutral	chr8	40697326	loss	neutral	TP
chr8	41932166	neutral	gain	chr8	41932165	neutral	gain	TP
chr8	127736507	neutral	gain	chr8	127736506	neutral	gain	TP
chr8	138386987	gain	neutral	chr8	138386987	gain	neutral	TP
chrX	44961209	neutral	loss	chrX	44961208	neutral	loss	TP
chr1	198756234	gain	neutral	NA	NA	NA	NA	FN
chr1	239718510	neutral	gain	NA	NA	NA	NA	FN
chr17	16215310	neutral	gain	NA	NA	NA	NA	FN
chr17	16215595	gain	neutral	NA	NA	NA	NA	FN
chr17	16217800	neutral	gain	NA	NA	NA	NA	FN
chr17	16218190	gain	neutral	NA	NA	NA	NA	FN
chr22	18024650	gain	neutral	NA	NA	NA	NA	FN
chr22	19876982	neutral	gain	NA	NA	NA	NA	FN
chr22	19941882	gain	neutral	NA	NA	NA	NA	FN
chr22	21922765	neutral	gain	NA	NA	NA	NA	FN
chr22	21952911	gain	neutral	NA	NA	NA	NA	FN
chr22	23180741	neutral	gain	NA	NA	NA	NA	FN
chr22	23290241	gain	neutral	NA	NA	NA	NA	FN
chr7	50305920	neutral	loss	NA	NA	NA	NA	FN
chr7	50396031	loss	neutral	NA	NA	NA	NA	FN
chr8	9679838	neutral	loss	NA	NA	NA	NA	FN
chr8	9777190	loss	neutral	NA	NA	NA	NA	FN
chr8	40697105	neutral	loss	NA	NA	NA	NA	FN
chr8	42052041	gain	neutral	NA	NA	NA	NA	FN
chr8	91960180	neutral	gain	NA	NA	NA	NA	FN
chr8	92103342	gain	neutral	NA	NA	NA	NA	FN
chr8	103140649	neutral	gain	NA	NA	NA	NA	FN
chr8	103228267	gain	neutral	NA	NA	NA	NA	FN
chr8	116847409	neutral	gain	NA	NA	NA	NA	FN
chr8	116866786	gain	neutral	NA	NA	NA	NA	FN
chr8	127740993	gain	neutral	NA	NA	NA	NA	FN
chr8	132906605	neutral	gain	NA	NA	NA	NA	FN
chr8	133135007	gain	neutral	NA	NA	NA	NA	FN
chr8	138386765	neutral	gain	NA	NA	NA	NA	FN
chr9	21861911	neutral	loss	NA	NA	NA	NA	FN
chr9	21862089	loss	neutral	NA	NA	NA	NA	FN
chr9	21967866	neutral	loss	NA	NA	NA	NA	FN
chr9	21975106	loss	neutral	NA	NA	NA	NA	FN
chr9	21994731	neutral	loss	NA	NA	NA	NA	FN
chr9	22008310	loss	neutral	NA	NA	NA	NA	FN
chr9	124257879	neutral	loss	NA	NA	NA	NA	FN
chr9	124351005	loss	neutral	NA	NA	NA	NA	FN
chr9	128947620	neutral	loss	NA	NA	NA	NA	FN
chr9	129006764	loss	neutral	NA	NA	NA	NA	FN
chr9	129739535	neutral	loss	NA	NA	NA	NA	FN
chr9	129753122	loss	neutral	NA	NA	NA	NA	FN
chr9	129835400	neutral	loss	NA	NA	NA	NA	FN
chr9	129880371	loss	neutral	NA	NA	NA	NA	FN
chr9	130265795	neutral	loss	NA	NA	NA	NA	FN
chr9	130433731	loss	neutral	NA	NA	NA	NA	FN
chr9	130444869	neutral	loss	NA	NA	NA	NA	FN
chr9	130501289	loss	neutral	NA	NA	NA	NA	FN
chr9	130693674	neutral	loss	NA	NA	NA	NA	FN
chr9	130703901	loss	neutral	NA	NA	NA	NA	FN
chrX	45070417	loss	neutral	NA	NA	NA	NA	FN
NA	NA	NA	NA	chr1	64844704	neutral	gain	FP
NA	NA	NA	NA	chr1	115701301	gain	neutral	FP
NA	NA	NA	NA	chr1	115992131	neutral	loss	FP
NA	NA	NA	NA	chr1	198639152	loss	neutral	FP
NA	NA	NA	NA	chr1	198639158	neutral	loss	FP
NA	NA	NA	NA	chr1	198694157	loss	neutral	FP
NA	NA	NA	NA	chr1	198748099	neutral	gain	FP
NA	NA	NA	NA	chr1	214391115	gain	neutral	FP
NA	NA	NA	NA	chr10	2364331	neutral	gain	FP
NA	NA	NA	NA	chr10	6026076	gain	neutral	FP
NA	NA	NA	NA	chr10	6062028	neutral	loss	FP
NA	NA	NA	NA	chr10	103094504	loss	neutral	FP
NA	NA	NA	NA	chr10	103095861	neutral	loss	FP
NA	NA	NA	NA	chr10	110590016	loss	neutral	FP
NA	NA	NA	NA	chr10	110590352	neutral	loss	FP
NA	NA	NA	NA	chr10	130900257	loss	neutral	FP
NA	NA	NA	NA	chr11	3676071	neutral	loss	FP
NA	NA	NA	NA	chr11	3686278	loss	neutral	FP
NA	NA	NA	NA	chr11	3691296	neutral	loss	FP
NA	NA	NA	NA	chr11	108336058	loss	neutral	FP
NA	NA	NA	NA	chr11	108336316	neutral	loss	FP
NA	NA	NA	NA	chr11	118439162	loss	neutral	FP
NA	NA	NA	NA	chr12	387238	neutral	gain	FP
NA	NA	NA	NA	chr12	389499	gain	neutral	FP
NA	NA	NA	NA	chr12	6667627	neutral	gain	FP
NA	NA	NA	NA	chr12	6818596	gain	neutral	FP
NA	NA	NA	NA	chr12	6818783	neutral	loss	FP
NA	NA	NA	NA	chr12	49024206	loss	neutral	FP
NA	NA	NA	NA	chr12	49024493	neutral	gain	FP
NA	NA	NA	NA	chr12	49032828	gain	neutral	FP
NA	NA	NA	NA	chr12	49032998	neutral	gain	FP
NA	NA	NA	NA	chr12	112453454	gain	neutral	FP
NA	NA	NA	NA	chr12	112454495	neutral	loss	FP
NA	NA	NA	NA	chr12	112473121	loss	neutral	FP
NA	NA	NA	NA	chr12	121805780	neutral	gain	FP
NA	NA	NA	NA	chr12	121830285	gain	neutral	FP
NA	NA	NA	NA	chr13	28057277	neutral	loss	FP
NA	NA	NA	NA	chr13	48344618	loss	neutral	FP
NA	NA	NA	NA	chr13	48345029	neutral	loss	FP
NA	NA	NA	NA	chr13	48439970	loss	neutral	FP
NA	NA	NA	NA	chr13	48443979	neutral	loss	FP
NA	NA	NA	NA	chr13	107679832	loss	neutral	FP
NA	NA	NA	NA	chr14	25381516	neutral	gain	FP
NA	NA	NA	NA	chr14	70052183	gain	neutral	FP
NA	NA	NA	NA	chr14	70055697	neutral	loss	FP
NA	NA	NA	NA	chr14	70060982	loss	neutral	FP
NA	NA	NA	NA	chr14	70063777	neutral	gain	FP
NA	NA	NA	NA	chr14	78243846	gain	neutral	FP
NA	NA	NA	NA	chr14	78278584	neutral	gain	FP
NA	NA	NA	NA	chr14	104792728	gain	neutral	FP
NA	NA	NA	NA	chr15	89785290	neutral	gain	FP
NA	NA	NA	NA	chr15	89801620	gain	neutral	FP
NA	NA	NA	NA	chr15	89803175	neutral	gain	FP
NA	NA	NA	NA	chr15	90085432	gain	neutral	FP
NA	NA	NA	NA	chr15	90087064	neutral	gain	FP
NA	NA	NA	NA	chr15	90091706	gain	neutral	FP
NA	NA	NA	NA	chr15	90100514	neutral	loss	FP
NA	NA	NA	NA	chr15	90764237	loss	neutral	FP
NA	NA	NA	NA	chr16	3727490	neutral	gain	FP
NA	NA	NA	NA	chr16	3736884	gain	neutral	FP
NA	NA	NA	NA	chr16	3738510	neutral	gain	FP
NA	NA	NA	NA	chr16	15745318	gain	neutral	FP
NA	NA	NA	NA	chr16	15747510	neutral	gain	FP
NA	NA	NA	NA	chr16	15758060	gain	neutral	FP
NA	NA	NA	NA	chr16	15759515	neutral	gain	FP
NA	NA	NA	NA	chr16	15786776	gain	neutral	FP
NA	NA	NA	NA	chr16	15798635	neutral	gain	FP
NA	NA	NA	NA	chr16	16182993	gain	neutral	FP
NA	NA	NA	NA	chr16	16184891	neutral	loss	FP
NA	NA	NA	NA	chr16	16223521	loss	neutral	FP
NA	NA	NA	NA	chr16	28931921	neutral	gain	FP
NA	NA	NA	NA	chr16	80072561	gain	neutral	FP
NA	NA	NA	NA	chr17	16119384	neutral	loss	FP
NA	NA	NA	NA	chr17	31252979	loss	neutral	FP
NA	NA	NA	NA	chr19	6217895	neutral	gain	FP
NA	NA	NA	NA	chr19	6270809	gain	neutral	FP
NA	NA	NA	NA	chr19	6279705	neutral	loss	FP
NA	NA	NA	NA	chr19	10984456	loss	neutral	FP
NA	NA	NA	NA	chr19	10985223	neutral	gain	FP
NA	NA	NA	NA	chr19	18465638	gain	neutral	FP
NA	NA	NA	NA	chr19	18465749	neutral	loss	FP
NA	NA	NA	NA	chr19	19885228	loss	neutral	FP
NA	NA	NA	NA	chr19	33301285	neutral	gain	FP
NA	NA	NA	NA	chr19	51239724	gain	neutral	FP
NA	NA	NA	NA	chr2	114875	neutral	gain	FP
NA	NA	NA	NA	chr2	1680418	gain	neutral	FP
NA	NA	NA	NA	chr2	1683548	neutral	loss	FP
NA	NA	NA	NA	chr2	1692042	loss	neutral	FP
NA	NA	NA	NA	chr2	1692413	neutral	gain	FP
NA	NA	NA	NA	chr2	25300303	gain	neutral	FP
NA	NA	NA	NA	chr2	25313849	neutral	loss	FP
NA	NA	NA	NA	chr2	66454871	loss	neutral	FP
NA	NA	NA	NA	chr20	32358699	neutral	loss	FP
NA	NA	NA	NA	chr20	40858577	loss	neutral	FP
NA	NA	NA	NA	chr21	28307262	neutral	gain	FP
NA	NA	NA	NA	chr21	34889837	gain	neutral	FP
NA	NA	NA	NA	chr21	34892836	neutral	loss	FP
NA	NA	NA	NA	chr21	38391091	loss	neutral	FP
NA	NA	NA	NA	chr21	38403442	neutral	gain	FP
NA	NA	NA	NA	chr21	43095582	gain	neutral	FP
NA	NA	NA	NA	chr21	43095619	neutral	loss	FP
NA	NA	NA	NA	chr21	46126402	loss	neutral	FP
NA	NA	NA	NA	chr22	17826615	gain	neutral	FP
NA	NA	NA	NA	chr22	17827549	neutral	gain	FP
NA	NA	NA	NA	chr22	21939578	gain	neutral	FP
NA	NA	NA	NA	chr22	21939580	neutral	gain	FP
NA	NA	NA	NA	chr22	23242077	gain	neutral	FP
NA	NA	NA	NA	chr22	23242665	neutral	gain	FP
NA	NA	NA	NA	chr22	23250367	gain	neutral	FP
NA	NA	NA	NA	chr22	23250780	neutral	gain	FP
NA	NA	NA	NA	chr22	41170608	gain	neutral	FP
NA	NA	NA	NA	chr22	41172371	neutral	gain	FP
NA	NA	NA	NA	chr22	50724280	gain	neutral	FP
NA	NA	NA	NA	chr3	919997	neutral	gain	FP
NA	NA	NA	NA	chr3	155084403	gain	neutral	FP
NA	NA	NA	NA	chr3	155085011	neutral	loss	FP
NA	NA	NA	NA	chr3	187733755	loss	neutral	FP
NA	NA	NA	NA	chr4	1871434	neutral	loss	FP
NA	NA	NA	NA	chr4	1892923	loss	neutral	FP
NA	NA	NA	NA	chr4	1953264	neutral	gain	FP
NA	NA	NA	NA	chr4	1975472	gain	neutral	FP
NA	NA	NA	NA	chr5	2879178	neutral	loss	FP
NA	NA	NA	NA	chr5	14270963	loss	neutral	FP
NA	NA	NA	NA	chr5	132899010	neutral	loss	FP
NA	NA	NA	NA	chr5	132904452	loss	neutral	FP
NA	NA	NA	NA	chr5	150120830	neutral	gain	FP
NA	NA	NA	NA	chr5	150134078	gain	neutral	FP
NA	NA	NA	NA	chr5	150134690	neutral	gain	FP
NA	NA	NA	NA	chr5	159099529	gain	neutral	FP
NA	NA	NA	NA	chr5	159099589	neutral	loss	FP
NA	NA	NA	NA	chr5	171390084	loss	neutral	FP
NA	NA	NA	NA	chr5	171390095	neutral	loss	FP
NA	NA	NA	NA	chr5	175351740	loss	neutral	FP
NA	NA	NA	NA	chr6	25559556	neutral	loss	FP
NA	NA	NA	NA	chr6	135044988	loss	neutral	FP
NA	NA	NA	NA	chr6	135045400	neutral	loss	FP
NA	NA	NA	NA	chr6	135054979	loss	neutral	FP
NA	NA	NA	NA	chr6	135181345	neutral	loss	FP
NA	NA	NA	NA	chr6	135187938	loss	neutral	FP
NA	NA	NA	NA	chr6	135203695	neutral	gain	FP
NA	NA	NA	NA	chr6	160156152	gain	neutral	FP
NA	NA	NA	NA	chr6	160158482	neutral	loss	FP
NA	NA	NA	NA	chr6	167872419	loss	neutral	FP
NA	NA	NA	NA	chr7	2906514	neutral	gain	FP
NA	NA	NA	NA	chr7	2924318	gain	neutral	FP
NA	NA	NA	NA	chr7	2924319	neutral	gain	FP
NA	NA	NA	NA	chr7	2939973	gain	neutral	FP
NA	NA	NA	NA	chr7	2944159	neutral	loss	FP
NA	NA	NA	NA	chr7	33635317	loss	neutral	FP
NA	NA	NA	NA	chr7	50128598	neutral	loss	FP
NA	NA	NA	NA	chr7	50370860	loss	neutral	FP
NA	NA	NA	NA	chr8	9555837	neutral	loss	FP
NA	NA	NA	NA	chr8	41942849	gain	neutral	FP
NA	NA	NA	NA	chr9	4984339	neutral	loss	FP
NA	NA	NA	NA	chr9	5080732	loss	neutral	FP
NA	NA	NA	NA	chr9	5081634	neutral	loss	FP
NA	NA	NA	NA	chr9	21973454	loss	neutral	FP
NA	NA	NA	NA	chr9	21973470	neutral	loss	FP
NA	NA	NA	NA	chr9	22005437	loss	neutral	FP
NA	NA	NA	NA	chr9	22005930	neutral	loss	FP
NA	NA	NA	NA	chr9	22270530	loss	neutral	FP
NA	NA	NA	NA	chr9	130843553	neutral	gain	FP
NA	NA	NA	NA	chr9	138118840	gain	neutral	FP
NA	NA	NA	NA	chrX	15799889	neutral	loss	FP
NA	NA	NA	NA	chrX	15803845	loss	neutral	FP
NA	NA	NA	NA	chrX	45062801	loss	neutral	FP
