gene	True	Test	probes	result
ASS1	loss	loss	18	TP
BAALC	gain	NA	6	FN
BCR	gain	gain	83	TP
CD34	gain	NA	9	FN
CDKN2A	loss	gain	12	FP
CDKN2B-AS1	loss	gain	29	FP
CHRM3	gain	NA	1	FN
EPRS1	gain	NA	1	FN
EXOSC2	loss	loss	9	TP
FAM135B	gain	NA	1	FN
HMCN2	loss	loss	80	TP
IKZF1	loss	loss	50	TP
KAT6A	gain	gain	22	TP
KDM6A	loss	loss	30	TP
MICAL3	gain	NA	42	FN
MTAP	loss	gain	9	FP
MYC	gain	NA	3	FN
NCOR1	gain	NA	51	FN
NEK6	loss	loss	17	TP
NUP188	loss	loss	39	TP
PIGL	gain	NA	1	FN
PPM1F	gain	NA	11	FN
PTGES	loss	NA	3	FN
PTPN14	gain	NA	19	FN
PTPRC	gain	NA	34	FN
RAD21	gain	NA	13	FN
RUNX1T1	gain	NA	21	FN
TG	gain	NA	49	FN
TNKS	loss	loss	28	TP
TXNRD2	gain	NA	18	FN
USP20	loss	loss	23	TP
ZMAT4	loss	NA	1	FN
GGT1	NA	gain	17	FP
GGT1	NA	loss	17	FP
RB1	NA	gain	53	FP
RCBTB2	NA	gain	18	FP
