gene	True	Test	probes	result
ABL1	loss	NA	12	FN
ASS1	loss	NA	23	FN
BAALC	gain	NA	7	FN
BCR	gain	NA	33	FN
CD34	gain	NA	14	FN
CDKN2A	loss	loss	5	TP
CDKN2B-AS1	loss	loss	7	TP
HMCN2	loss	NA	88	FN
IKZF1	loss	loss	56	TP
KAT6A	gain	NA	28	FN
MICAL3	gain	NA	48	FN
MYC	gain	NA	5	FN
NCOR1	gain	gain	57	TP
NEK6	loss	NA	17	FN
NUP188	loss	NA	43	FN
PIGL	gain	gain	1	TP
PPM1F	gain	NA	10	FN
PTPN14	gain	NA	26	FN
RAD21	gain	NA	15	FN
RUNX1T1	gain	NA	34	FN
TG	gain	NA	49	FN
TNKS	loss	loss	32	TP
TXNRD2	gain	NA	21	FN
USP20	loss	NA	25	FN
CRLF2	NA	loss	12	FP
TP53	NA	gain	14	FP
TTC19	NA	gain	1	FP
