gene	True	Test	probes	result
ABL1	loss	NA	12	FN
ASS1	loss	loss	23	TP
BAALC	gain	gain	7	TP
BCR	gain	NA	33	FN
CD34	gain	gain	14	TP
CDKN2A	loss	loss	5	TP
CDKN2B-AS1	loss	loss	7	TP
HMCN2	loss	loss	88	TP
IKZF1	loss	loss	56	TP
KAT6A	gain	gain	28	TP
MICAL3	gain	gain	48	TP
MYC	gain	gain	5	TP
NCOR1	gain	gain	57	TP
NEK6	loss	loss	17	TP
NUP188	loss	loss	43	TP
PIGL	gain	NA	1	FN
PPM1F	gain	gain	10	TP
PTPN14	gain	gain	26	TP
RAD21	gain	gain	15	TP
RUNX1T1	gain	gain	34	TP
TG	gain	gain	49	TP
TNKS	loss	gain	32	FP
TNKS	loss	loss	32	TP
TXNRD2	gain	gain	21	TP
USP20	loss	loss	25	TP
AFDN	NA	loss	42	FP
AFF4	NA	gain	24	FP
AFF4	NA	loss	24	FP
BBS9	NA	loss	27	FP
BCORL1	NA	loss	20	FP
CACNA1B	NA	loss	57	FP
CBFB	NA	gain	11	FP
CBFB	NA	loss	11	FP
CBL	NA	gain	24	FP
CHRNA10	NA	gain	1	FP
CREBBP	NA	gain	39	FP
CREBBP	NA	loss	39	FP
CRLF2	NA	gain	12	FP
CRLF2	NA	loss	12	FP
EBF1	NA	gain	24	FP
FAT1	NA	gain	31	FP
FLT3	NA	loss	24	FP
GLI2	NA	gain	18	FP
HBS1L	NA	gain	28	FP
HBS1L	NA	loss	28	FP
IDH1	NA	gain	12	FP
IDH1	NA	loss	12	FP
IDH2	NA	gain	13	FP
JAK1	NA	gain	24	FP
JAK1	NA	loss	24	FP
JAK3	NA	loss	26	FP
KANTR	NA	gain	20	FP
KMT2A	NA	gain	49	FP
MCM9	NA	loss	20	FP
MEF2D	NA	gain	19	FP
MLLT1	NA	loss	15	FP
MLLT10	NA	loss	28	FP
MLLT3	NA	loss	24	FP
MYB	NA	loss	1	FP
MYH11	NA	gain	30	FP
MYH11	NA	loss	30	FP
NDE1	NA	gain	16	FP
NRAS	NA	gain	11	FP
NRAS	NA	loss	11	FP
NRXN3	NA	gain	36	FP
NSD2	NA	loss	32	FP
NT5C2	NA	loss	25	FP
NUP98	NA	gain	34	FP
PAX5	NA	loss	17	FP
POU4F1	NA	loss	8	FP
PTPN11	NA	loss	37	FP
RAVER2	NA	gain	1	FP
RUNX1	NA	loss	23	FP
SETD1B	NA	loss	23	FP
SETD2	NA	gain	22	FP
SF3B1	NA	gain	28	FP
SH3GLB2	NA	loss	1	FP
SHANK3	NA	loss	29	FP
SMARCA4	NA	loss	46	FP
SMC3	NA	gain	29	FP
SMC3	NA	loss	29	FP
TCF3	NA	gain	25	FP
TCF3	NA	loss	25	FP
TP53	NA	gain	14	FP
TP53	NA	loss	14	FP
TTC19	NA	gain	1	FP
VPREB1	NA	gain	3	FP
WT1	NA	gain	15	FP
WT1	NA	loss	15	FP
XPO1	NA	gain	31	FP
ZRSR2	NA	loss	12	FP
