chr.x	position.x	left_cnv.x	right_cnv.x	chr.y	position.y	left_cnv.y	right_cnv.y	result
chr22	17787620	neutral	gain	chr22	17787670	neutral	gain	TP
chr8	9555893	neutral	loss	chr8	9555892	neutral	loss	TP
chr8	9782374	loss	neutral	chr8	9782374	loss	neutral	TP
chr8	41929446	neutral	gain	chr8	41929445	neutral	gain	TP
chr8	42052008	gain	neutral	chr8	42052008	gain	neutral	TP
chr8	91954955	neutral	gain	chr8	91954954	neutral	gain	TP
chr8	92103317	gain	neutral	chr8	92103268	neutral	gain	FP
chr8	133134938	gain	neutral	chr8	133134938	gain	neutral	TP
chr9	21974651	neutral	loss	chr9	21974650	neutral	loss	TP
chr9	22006292	loss	neutral	chr9	22006292	loss	neutral	TP
chr9	130501289	loss	neutral	chr9	130501289	loss	neutral	TP
chr1	207880940	neutral	gain	NA	NA	NA	NA	FN
chr1	207911431	gain	neutral	NA	NA	NA	NA	FN
chr1	214348662	neutral	gain	NA	NA	NA	NA	FN
chr1	214402978	gain	neutral	NA	NA	NA	NA	FN
chr17	16215335	neutral	gain	NA	NA	NA	NA	FN
chr17	16215586	gain	neutral	NA	NA	NA	NA	FN
chr17	16217835	neutral	gain	NA	NA	NA	NA	FN
chr17	16218190	gain	neutral	NA	NA	NA	NA	FN
chr22	18024569	gain	neutral	NA	NA	NA	NA	FN
chr22	19875492	neutral	gain	NA	NA	NA	NA	FN
chr22	19942023	gain	neutral	NA	NA	NA	NA	FN
chr22	21919400	neutral	gain	NA	NA	NA	NA	FN
chr22	21952884	gain	neutral	NA	NA	NA	NA	FN
chr22	23180186	neutral	gain	NA	NA	NA	NA	FN
chr22	23290241	gain	neutral	NA	NA	NA	NA	FN
chr7	50305920	neutral	loss	NA	NA	NA	NA	FN
chr7	50396031	loss	neutral	NA	NA	NA	NA	FN
chr8	103140684	neutral	gain	NA	NA	NA	NA	FN
chr8	103230326	gain	neutral	NA	NA	NA	NA	FN
chr8	116845904	neutral	gain	NA	NA	NA	NA	FN
chr8	116874894	gain	neutral	NA	NA	NA	NA	FN
chr8	127735402	neutral	gain	NA	NA	NA	NA	FN
chr8	127741461	gain	neutral	NA	NA	NA	NA	FN
chr8	132866935	neutral	gain	NA	NA	NA	NA	FN
chr9	21975103	loss	neutral	NA	NA	NA	NA	FN
chr9	21994791	neutral	loss	NA	NA	NA	NA	FN
chr9	124257574	neutral	loss	NA	NA	NA	NA	FN
chr9	124353334	loss	neutral	NA	NA	NA	NA	FN
chr9	128947655	neutral	loss	NA	NA	NA	NA	FN
chr9	129007107	loss	neutral	NA	NA	NA	NA	FN
chr9	129835425	neutral	loss	NA	NA	NA	NA	FN
chr9	129881846	loss	neutral	NA	NA	NA	NA	FN
chr9	130265850	neutral	loss	NA	NA	NA	NA	FN
chr9	130434147	loss	neutral	NA	NA	NA	NA	FN
chr9	130444899	neutral	loss	NA	NA	NA	NA	FN
chr9	130713914	neutral	loss	NA	NA	NA	NA	FN
chr9	130735551	loss	neutral	NA	NA	NA	NA	FN
NA	NA	NA	NA	chr1	156464310	neutral	loss	FP
NA	NA	NA	NA	chr1	156464547	loss	neutral	FP
NA	NA	NA	NA	chr1	156490477	neutral	loss	FP
NA	NA	NA	NA	chr1	156500837	loss	neutral	FP
NA	NA	NA	NA	chr1	207881059	neutral	gain	FP
NA	NA	NA	NA	chr1	214551270	gain	neutral	FP
NA	NA	NA	NA	chr10	21534321	neutral	loss	FP
NA	NA	NA	NA	chr10	21538938	loss	neutral	FP
NA	NA	NA	NA	chr10	21556617	neutral	gain	FP
NA	NA	NA	NA	chr10	21557206	gain	neutral	FP
NA	NA	NA	NA	chr10	21586292	neutral	loss	FP
NA	NA	NA	NA	chr10	21733021	loss	gain	FP
NA	NA	NA	NA	chr10	21743662	gain	neutral	FP
NA	NA	NA	NA	chr10	103097989	neutral	loss	FP
NA	NA	NA	NA	chr10	103139451	loss	gain	FP
NA	NA	NA	NA	chr10	110578680	gain	neutral	FP
NA	NA	NA	NA	chr10	110580923	neutral	loss	FP
NA	NA	NA	NA	chr10	110590001	loss	neutral	FP
NA	NA	NA	NA	chr10	110596377	neutral	loss	FP
NA	NA	NA	NA	chr10	110600455	loss	neutral	FP
NA	NA	NA	NA	chr11	32391947	neutral	loss	FP
NA	NA	NA	NA	chr11	36574103	loss	neutral	FP
NA	NA	NA	NA	chr11	36576687	neutral	gain	FP
NA	NA	NA	NA	chr11	36592349	gain	neutral	FP
NA	NA	NA	NA	chr11	36592559	neutral	gain	FP
NA	NA	NA	NA	chr11	36595229	gain	neutral	FP
NA	NA	NA	NA	chr11	36598073	neutral	loss	FP
NA	NA	NA	NA	chr11	36598263	loss	neutral	FP
NA	NA	NA	NA	chr11	86244522	neutral	loss	FP
NA	NA	NA	NA	chr11	86268576	loss	neutral	FP
NA	NA	NA	NA	chr11	86276107	neutral	gain	FP
NA	NA	NA	NA	chr11	92352120	gain	loss	FP
NA	NA	NA	NA	chr11	92354736	loss	neutral	FP
NA	NA	NA	NA	chr11	92524873	neutral	loss	FP
NA	NA	NA	NA	chr11	92697479	loss	neutral	FP
NA	NA	NA	NA	chr11	92761824	neutral	loss	FP
NA	NA	NA	NA	chr11	92890691	loss	neutral	FP
NA	NA	NA	NA	chr11	118450068	neutral	gain	FP
NA	NA	NA	NA	chr11	118471685	gain	loss	FP
NA	NA	NA	NA	chr11	118472399	loss	neutral	FP
NA	NA	NA	NA	chr11	118472780	neutral	gain	FP
NA	NA	NA	NA	chr11	118473066	gain	neutral	FP
NA	NA	NA	NA	chr11	118522514	neutral	gain	FP
NA	NA	NA	NA	chr11	119206518	gain	neutral	FP
NA	NA	NA	NA	chr11	119284948	neutral	gain	FP
NA	NA	NA	NA	chr11	119285402	gain	neutral	FP
NA	NA	NA	NA	chr11	119300289	neutral	gain	FP
NA	NA	NA	NA	chr11	119308181	gain	neutral	FP
NA	NA	NA	NA	chr12	49029170	neutral	loss	FP
NA	NA	NA	NA	chr12	49030747	loss	gain	FP
NA	NA	NA	NA	chr12	49033482	gain	neutral	FP
NA	NA	NA	NA	chr12	49040302	neutral	loss	FP
NA	NA	NA	NA	chr12	49041417	loss	neutral	FP
NA	NA	NA	NA	chr12	49044909	neutral	loss	FP
NA	NA	NA	NA	chr12	49052439	loss	neutral	FP
NA	NA	NA	NA	chr12	92140244	neutral	loss	FP
NA	NA	NA	NA	chr12	92141702	loss	neutral	FP
NA	NA	NA	NA	chr12	92145453	neutral	loss	FP
NA	NA	NA	NA	chr12	92145923	loss	neutral	FP
NA	NA	NA	NA	chr12	111450442	neutral	loss	FP
NA	NA	NA	NA	chr12	111450813	loss	gain	FP
NA	NA	NA	NA	chr12	112450333	gain	loss	FP
NA	NA	NA	NA	chr12	112482239	loss	neutral	FP
NA	NA	NA	NA	chr12	112507210	neutral	gain	FP
NA	NA	NA	NA	chr12	112509948	gain	neutral	FP
NA	NA	NA	NA	chr12	121823212	neutral	loss	FP
NA	NA	NA	NA	chr12	121830179	loss	gain	FP
NA	NA	NA	NA	chr12	121832678	gain	neutral	FP
NA	NA	NA	NA	chr13	48480070	neutral	gain	FP
NA	NA	NA	NA	chr13	48482019	gain	neutral	FP
NA	NA	NA	NA	chr14	79279307	neutral	gain	FP
NA	NA	NA	NA	chr14	79467442	gain	neutral	FP
NA	NA	NA	NA	chr14	79862127	neutral	gain	FP
NA	NA	NA	NA	chr14	79864445	gain	neutral	FP
NA	NA	NA	NA	chr15	40695100	neutral	loss	FP
NA	NA	NA	NA	chr15	40730012	loss	neutral	FP
NA	NA	NA	NA	chr15	40731020	neutral	gain	FP
NA	NA	NA	NA	chr15	40732163	gain	neutral	FP
NA	NA	NA	NA	chr16	3731755	neutral	gain	FP
NA	NA	NA	NA	chr16	3736758	gain	loss	FP
NA	NA	NA	NA	chr16	3739743	loss	neutral	FP
NA	NA	NA	NA	chr16	3740375	neutral	gain	FP
NA	NA	NA	NA	chr16	3740579	gain	neutral	FP
NA	NA	NA	NA	chr16	15703145	neutral	gain	FP
NA	NA	NA	NA	chr16	15757851	gain	loss	FP
NA	NA	NA	NA	chr16	67030201	loss	neutral	FP
NA	NA	NA	NA	chr16	67036606	neutral	gain	FP
NA	NA	NA	NA	chr16	67101084	gain	neutral	FP
NA	NA	NA	NA	chr17	57256697	neutral	loss	FP
NA	NA	NA	NA	chr17	57616077	loss	gain	FP
NA	NA	NA	NA	chr17	57632880	gain	neutral	FP
NA	NA	NA	NA	chr17	57652048	neutral	loss	FP
NA	NA	NA	NA	chr17	57675143	loss	neutral	FP
NA	NA	NA	NA	chr17	57676948	neutral	gain	FP
NA	NA	NA	NA	chr17	57683587	gain	neutral	FP
NA	NA	NA	NA	chr17	60663771	neutral	gain	FP
NA	NA	NA	NA	chr17	60664509	gain	neutral	FP
NA	NA	NA	NA	chr18	44701525	neutral	loss	FP
NA	NA	NA	NA	chr18	44869320	loss	neutral	FP
NA	NA	NA	NA	chr18	44949903	neutral	loss	FP
NA	NA	NA	NA	chr18	44951983	loss	neutral	FP
NA	NA	NA	NA	chr18	44952503	neutral	gain	FP
NA	NA	NA	NA	chr18	44952787	gain	loss	FP
NA	NA	NA	NA	chr18	45064118	loss	gain	FP
NA	NA	NA	NA	chr18	45064767	gain	neutral	FP
NA	NA	NA	NA	chr18	45064958	neutral	gain	FP
NA	NA	NA	NA	chr18	45066719	gain	neutral	FP
NA	NA	NA	NA	chr19	1619447	neutral	loss	FP
NA	NA	NA	NA	chr19	6218066	loss	neutral	FP
NA	NA	NA	NA	chr19	6222095	neutral	gain	FP
NA	NA	NA	NA	chr19	10965280	gain	loss	FP
NA	NA	NA	NA	chr19	11062312	loss	neutral	FP
NA	NA	NA	NA	chr19	17824754	neutral	loss	FP
NA	NA	NA	NA	chr19	18443245	loss	gain	FP
NA	NA	NA	NA	chr19	18443718	gain	neutral	FP
NA	NA	NA	NA	chr19	18443765	neutral	loss	FP
NA	NA	NA	NA	chr19	33302448	loss	neutral	FP
NA	NA	NA	NA	chr2	25228787	neutral	gain	FP
NA	NA	NA	NA	chr2	25229252	gain	neutral	FP
NA	NA	NA	NA	chr2	25236899	neutral	loss	FP
NA	NA	NA	NA	chr2	25245367	loss	neutral	FP
NA	NA	NA	NA	chr2	61537529	neutral	loss	FP
NA	NA	NA	NA	chr2	120992670	loss	neutral	FP
NA	NA	NA	NA	chr21	34834386	neutral	loss	FP
NA	NA	NA	NA	chr21	34892959	loss	neutral	FP
NA	NA	NA	NA	chr22	17817978	gain	neutral	FP
NA	NA	NA	NA	chr22	17822141	neutral	gain	FP
NA	NA	NA	NA	chr22	19877151	gain	neutral	FP
NA	NA	NA	NA	chr22	21919681	neutral	gain	FP
NA	NA	NA	NA	chr22	23181811	gain	neutral	FP
NA	NA	NA	NA	chr22	23181857	neutral	gain	FP
NA	NA	NA	NA	chr22	23182276	gain	neutral	FP
NA	NA	NA	NA	chr22	23198115	neutral	gain	FP
NA	NA	NA	NA	chr22	23293109	gain	neutral	FP
NA	NA	NA	NA	chr22	23316797	neutral	loss	FP
NA	NA	NA	NA	chr22	23317031	loss	neutral	FP
NA	NA	NA	NA	chr22	23317826	neutral	loss	FP
NA	NA	NA	NA	chr22	24330442	loss	neutral	FP
NA	NA	NA	NA	chr22	24334384	neutral	loss	FP
NA	NA	NA	NA	chr22	24414787	loss	gain	FP
NA	NA	NA	NA	chr22	24417755	gain	neutral	FP
NA	NA	NA	NA	chr22	36320817	neutral	loss	FP
NA	NA	NA	NA	chr22	36341563	loss	neutral	FP
NA	NA	NA	NA	chr22	36348883	neutral	gain	FP
NA	NA	NA	NA	chr22	36349266	gain	neutral	FP
NA	NA	NA	NA	chr22	36364723	neutral	loss	FP
NA	NA	NA	NA	chr22	40266650	loss	neutral	FP
NA	NA	NA	NA	chr22	40322924	neutral	gain	FP
NA	NA	NA	NA	chr22	40329949	gain	neutral	FP
NA	NA	NA	NA	chr22	40330898	neutral	gain	FP
NA	NA	NA	NA	chr22	40335165	gain	neutral	FP
NA	NA	NA	NA	chr22	50678560	neutral	loss	FP
NA	NA	NA	NA	chr22	50720249	loss	neutral	FP
NA	NA	NA	NA	chr22	50731809	neutral	gain	FP
NA	NA	NA	NA	chr22	50733331	gain	neutral	FP
NA	NA	NA	NA	chr3	47016726	neutral	gain	FP
NA	NA	NA	NA	chr3	52401352	gain	neutral	FP
NA	NA	NA	NA	chr3	169143675	neutral	loss	FP
NA	NA	NA	NA	chr3	169145281	loss	neutral	FP
NA	NA	NA	NA	chr3	169145329	neutral	gain	FP
NA	NA	NA	NA	chr3	169147438	gain	loss	FP
NA	NA	NA	NA	chr3	169147718	loss	neutral	FP
NA	NA	NA	NA	chr3	169269105	neutral	gain	FP
NA	NA	NA	NA	chr3	169663451	gain	neutral	FP
NA	NA	NA	NA	chr4	1892849	neutral	loss	FP
NA	NA	NA	NA	chr4	1938577	loss	neutral	FP
NA	NA	NA	NA	chr4	1939674	neutral	gain	FP
NA	NA	NA	NA	chr4	1943675	gain	neutral	FP
NA	NA	NA	NA	chr4	1943722	neutral	loss	FP
NA	NA	NA	NA	chr4	1944190	loss	neutral	FP
NA	NA	NA	NA	chr4	1957909	neutral	loss	FP
NA	NA	NA	NA	chr4	1974916	loss	gain	FP
NA	NA	NA	NA	chr4	1982124	gain	neutral	FP
NA	NA	NA	NA	chr4	86935214	neutral	loss	FP
NA	NA	NA	NA	chr4	87046858	loss	neutral	FP
NA	NA	NA	NA	chr4	87108135	neutral	loss	FP
NA	NA	NA	NA	chr4	87125152	loss	neutral	FP
NA	NA	NA	NA	chr4	87126065	neutral	gain	FP
NA	NA	NA	NA	chr4	87126361	gain	neutral	FP
NA	NA	NA	NA	chr4	87136317	neutral	gain	FP
NA	NA	NA	NA	chr4	87139927	gain	neutral	FP
NA	NA	NA	NA	chr4	105238747	neutral	loss	FP
NA	NA	NA	NA	chr4	105240325	loss	neutral	FP
NA	NA	NA	NA	chr4	105240373	neutral	gain	FP
NA	NA	NA	NA	chr4	105259797	gain	neutral	FP
NA	NA	NA	NA	chr4	105261732	neutral	loss	FP
NA	NA	NA	NA	chr4	105276912	loss	neutral	FP
NA	NA	NA	NA	chr5	132875345	neutral	gain	FP
NA	NA	NA	NA	chr5	132877194	gain	loss	FP
NA	NA	NA	NA	chr5	132880068	loss	neutral	FP
NA	NA	NA	NA	chr5	132892065	neutral	gain	FP
NA	NA	NA	NA	chr5	132898257	gain	neutral	FP
NA	NA	NA	NA	chr5	132934504	neutral	gain	FP
NA	NA	NA	NA	chr5	132963664	gain	neutral	FP
NA	NA	NA	NA	chr5	158695889	neutral	gain	FP
NA	NA	NA	NA	chr5	158840141	gain	neutral	FP
NA	NA	NA	NA	chr5	159073359	neutral	loss	FP
NA	NA	NA	NA	chr5	159099767	loss	neutral	FP
NA	NA	NA	NA	chr6	47005772	neutral	loss	FP
NA	NA	NA	NA	chr6	47009571	loss	neutral	FP
NA	NA	NA	NA	chr6	47014705	neutral	loss	FP
NA	NA	NA	NA	chr6	47018561	loss	neutral	FP
NA	NA	NA	NA	chr6	47019907	neutral	gain	FP
NA	NA	NA	NA	chr6	47020774	gain	neutral	FP
NA	NA	NA	NA	chr6	47021970	neutral	loss	FP
NA	NA	NA	NA	chr6	47042393	loss	neutral	FP
NA	NA	NA	NA	chr6	118932693	neutral	loss	FP
NA	NA	NA	NA	chr6	118935174	loss	neutral	FP
NA	NA	NA	NA	chr6	134960393	neutral	gain	FP
NA	NA	NA	NA	chr6	134961250	gain	neutral	FP
NA	NA	NA	NA	chr6	134961344	neutral	gain	FP
NA	NA	NA	NA	chr6	135039671	gain	neutral	FP
NA	NA	NA	NA	chr6	167924916	neutral	loss	FP
NA	NA	NA	NA	chr6	167947968	loss	neutral	FP
NA	NA	NA	NA	chr6	167951689	neutral	loss	FP
NA	NA	NA	NA	chr6	167962640	loss	neutral	FP
NA	NA	NA	NA	chr7	2906109	neutral	loss	FP
NA	NA	NA	NA	chr7	50345220	loss	neutral	FP
NA	NA	NA	NA	chr7	50345309	neutral	loss	FP
NA	NA	NA	NA	chr7	50375148	loss	neutral	FP
NA	NA	NA	NA	chr7	50376478	neutral	loss	FP
NA	NA	NA	NA	chr7	50393867	loss	neutral	FP
NA	NA	NA	NA	chr7	50402930	neutral	gain	FP
NA	NA	NA	NA	chr7	50404353	gain	neutral	FP
NA	NA	NA	NA	chr7	101817611	neutral	gain	FP
NA	NA	NA	NA	chr7	101913468	gain	neutral	FP
NA	NA	NA	NA	chr7	101916093	neutral	loss	FP
NA	NA	NA	NA	chr7	102249046	loss	neutral	FP
NA	NA	NA	NA	chr7	102249336	neutral	gain	FP
NA	NA	NA	NA	chr7	148807599	gain	loss	FP
NA	NA	NA	NA	chr7	148817352	loss	gain	FP
NA	NA	NA	NA	chr7	148884322	gain	neutral	FP
NA	NA	NA	NA	chr8	41958149	gain	neutral	FP
NA	NA	NA	NA	chr8	41958196	neutral	gain	FP
NA	NA	NA	NA	chr8	41978785	gain	neutral	FP
NA	NA	NA	NA	chr8	41980815	neutral	gain	FP
NA	NA	NA	NA	chr8	92095195	gain	neutral	FP
NA	NA	NA	NA	chr9	20413693	neutral	gain	FP
NA	NA	NA	NA	chr9	20414263	gain	neutral	FP
NA	NA	NA	NA	chr9	21967775	neutral	loss	FP
NA	NA	NA	NA	chr9	21971441	loss	neutral	FP
NA	NA	NA	NA	chr9	36835290	neutral	gain	FP
NA	NA	NA	NA	chr9	36835570	gain	neutral	FP
NA	NA	NA	NA	chr9	36838516	neutral	gain	FP
NA	NA	NA	NA	chr9	36839694	gain	neutral	FP
NA	NA	NA	NA	chr9	37014967	neutral	gain	FP
NA	NA	NA	NA	chr9	37034093	gain	neutral	FP
NA	NA	NA	NA	chr9	124261438	neutral	loss	FP
NA	NA	NA	NA	chr9	129849959	loss	neutral	FP
NA	NA	NA	NA	chr9	129852504	neutral	loss	FP
NA	NA	NA	NA	chr9	130452353	loss	neutral	FP
NA	NA	NA	NA	chr9	130454268	neutral	loss	FP
NA	NA	NA	NA	chr9	131117723	neutral	gain	FP
NA	NA	NA	NA	chr9	131117936	gain	neutral	FP
NA	NA	NA	NA	chr9	131140699	neutral	gain	FP
NA	NA	NA	NA	chr9	131146326	gain	neutral	FP
NA	NA	NA	NA	chr9	131189018	neutral	gain	FP
NA	NA	NA	NA	chr9	131234585	gain	neutral	FP
NA	NA	NA	NA	chrX	1198537	neutral	loss	FP
NA	NA	NA	NA	chrX	15823067	loss	neutral	FP
NA	NA	NA	NA	chrX	40054012	neutral	loss	FP
NA	NA	NA	NA	chrX	40062205	loss	neutral	FP
NA	NA	NA	NA	chrX	40097192	neutral	loss	FP
NA	NA	NA	NA	chrX	40097380	loss	neutral	FP
NA	NA	NA	NA	chrX	53088688	neutral	loss	FP
NA	NA	NA	NA	chrX	53089397	loss	neutral	FP
NA	NA	NA	NA	chrX	53376415	neutral	gain	FP
NA	NA	NA	NA	chrX	53376743	gain	loss	FP
NA	NA	NA	NA	chrX	53394928	loss	neutral	FP
NA	NA	NA	NA	chrX	53396204	neutral	gain	FP
NA	NA	NA	NA	chrX	53396413	gain	neutral	FP
NA	NA	NA	NA	chrX	101349416	neutral	loss	FP
NA	NA	NA	NA	chrX	101386213	loss	neutral	FP
NA	NA	NA	NA	chrX	130016056	neutral	loss	FP
NA	NA	NA	NA	chrX	130028891	loss	neutral	FP
NA	NA	NA	NA	chrX	130034424	neutral	loss	FP
NA	NA	NA	NA	chrX	130050767	loss	neutral	FP
NA	NA	NA	NA	chrX	130057288	neutral	gain	FP
NA	NA	NA	NA	chrX	134373317	gain	neutral	FP
